1.1 a,1.1 b,1.2 b,1.3 b,2.1 b,2.2 b,2.3 b,3.1b,3.2 b,3.3 b,4 b 
0,3.2,2.9,0,0.2,0.4,0,6.8,12.1,45.8,0
1,3.2,2.9,0,0.2,0.4,0,6.8,12,45.7,0
2,3.2,2.9,0,0.2,0.4,0,6.8,12,45.7,0
3,3.2,2.9,0,0.2,0.4,0,6.8,12,45.6,0
4,3.2,2.9,0,0.2,0.4,0,6.8,12,45.7,0
5,3.1,2.8,0,0.2,0.4,0,6.8,12,45.7,0
6,3.1,2.8,0,0.2,0.4,0,6.8,12,45.7,0
7,3.1,2.8,0,0.3,0.4,0,6.8,12,45.7,0
8,3.1,2.8,0,0.3,0.4,0,6.8,12,45.8,0
9,3.1,2.8,0,0.4,0.4,0,6.8,11.9,45.7,0
10,3.1,2.8,0,0.3,0.4,0,6.8,11.9,45.8,0
11,3.1,2.8,0,0.3,0.4,0,6.8,11.9,45.7,0
12,3,2.8,0,0.3,0.4,0,6.8,12,45.8,0
13,3,2.8,0,0.3,0.4,0,6.8,11.9,45.8,0
14,3.1,2.8,0,0.3,0.4,0,6.8,12,45.8,0
15,3,2.8,0,0.3,0.4,0,6.8,11.9,45.8,0
16,3.1,2.8,0,0.3,0.4,0,6.8,12,45.8,0
17,3,2.8,0,0.3,0.4,0,6.8,12,45.8,0
18,3.1,2.8,0,0.2,0.4,0,6.8,12,45.8,0
19,3.1,2.8,0,0.2,0.4,0,6.8,12,45.8,0
20,3,2.8,0,0.2,0.4,0,6.8,12,45.8,0
21,3,2.6,0,0.1,0.4,0,6.8,11.9,45.8,0
22,3,2.6,0,0.1,0.4,0,6.8,12,45.8,0
23,3.1,2.6,0,0.1,0.4,0,6.8,11.9,45.8,0
24,3,2.6,0,0.1,0.4,0,6.8,11.9,45.8,0
25,3.1,2.6,0,0.1,0.4,0,6.8,11.9,45.8,0
26,3.1,2.6,0,0.1,0.4,0,6.8,11.9,45.9,0
27,3.1,2.6,0,0,0.4,0,6.8,11.9,45.9,0
28,3.1,2.6,0,0,0.4,0,6.8,12,45.9,0
29,3,2.6,0,0,0.4,0,6.8,12,45.9,0
30,3.1,2.6,0,0,0.4,0,6.8,12,45.9,0
31,2.9,2.6,0,0,0.4,0,6.8,12,46,0
32,3.1,2.6,0,0,0.4,0,6.8,12,45.9,0
33,3,2.6,0,0,0.4,0,6.8,12,46,0
34,3,2.6,0,0,0.4,0,6.8,12,46,0
35,3,2.6,0,0,0.4,0,6.8,12,46,0
36,3,2.6,0,0,0.4,0,6.8,12,46,0
37,2.9,2.5,0,0,0.4,0,6.8,12,46,0
38,3,2.5,0,0,0.4,0,6.8,12,45.9,0
39,2.9,2.5,0,0,0.4,0,6.8,12,45.9,0
40,2.9,2.5,0,0,0.4,0,6.8,12,46,0
41,2.8,2.5,0,0,0.4,0,6.8,12,46,0
42,2.9,2.5,0,0,0.4,0,6.8,12.1,46,0
43,2.8,2.5,0,0,0.4,0,6.8,12.1,46,0
44,2.8,2.5,0,0,0.4,0,6.8,12,46,0
45,2.7,2.5,0,0,0.4,0,6.8,12,46,0
46,2.8,2.5,0,0,0.4,0,6.8,12,46.1,0
47,2.7,2.5,0,0,0.4,0,6.8,12,46.1,0
48,2.7,2.5,0,0,0.4,0,6.8,12,46.1,0
49,2.7,2.5,0,0,0.4,0,6.8,12,46,0
50,2.7,2.5,0,0,0.4,0,6.8,12.1,46,0
51,2.7,2.5,0,0,0.4,0,6.8,12.1,46.1,0
52,2.7,2.5,0,0,0.4,0,6.8,12.1,46.1,0
53,2.7,2.5,0,0,0.4,0,6.8,12.1,46.1,0
54,2.7,2.5,0,0,0.4,0,6.8,12.1,46.1,0
55,2.6,2.5,0,0,0.4,0,6.8,12.1,46.1,0
56,2.8,2.5,0,0,0.4,0,6.8,12.1,46.2,0
57,2.6,2.5,0,0,0.4,0,6.8,12.1,46.2,0
58,2.7,2.5,0,0,0.4,0,6.8,12.1,46.2,0
59,2.6,2.5,0,0,0.4,0,6.8,12.1,46.2,0
60,2.8,2.5,0,0,0.4,0,6.8,12.1,46.2,0
61,2.7,2.5,0,0,0.4,0,6.8,12.1,46.2,0
62,2.7,2.5,0,0,0.4,0,6.8,12.1,46.2,0
63,2.6,2.5,0,0,0.4,0,6.8,12.1,46.2,0
64,3,2.6,0,0,0.4,0,6.8,12.3,46.5,0
65,2.9,2.6,0,0,0,0,6.8,12.2,46.4,0
66,2.8,2.5,0,0,0.4,0,6.8,12.2,46.4,0
67,2.7,2.5,0,0,0.4,0,6.8,12.2,46.4,0
68,2.7,2.5,0,0,0.4,0,6.8,12.2,46.4,0
69,2.8,2.5,0,0,0.4,0,6.8,12.1,46.4,0
70,2.7,2.5,0,0,0.4,0,6.8,12.1,46.4,0
71,2.7,2.5,0,0,0.4,0,6.8,12.1,46.4,0
72,2.7,2.5,0,0,0.4,0,6.8,12.2,46.4,0
73,2.7,2.5,0,0,0.4,0,6.8,12.1,46.4,0
74,2.7,2.5,0,0,0.4,0,6.8,12.2,46.4,0
75,2.7,2.5,0,0,0.4,0,6.8,12.1,46.4,0
76,2.7,2.5,0,0,0.4,0,6.8,12.2,46.4,0
77,2.7,2.5,0,0,0.4,0,6.8,12.2,46.4,0
78,2.7,2.5,0,0,0.4,0,6.8,12.2,46.4,0
79,2.7,2.5,0,0,0.4,0,6.8,12.2,46.4,0
80,2.7,2.5,0,0,0.4,0,6.8,12.2,46.4,0
81,2.7,2.5,0,0,0.4,0,6.8,12.2,46.5,0
82,2.7,2.5,0,0,0.4,0,6.8,12.2,46.5,0
83,2.7,2.5,0,0,0.4,0,6.8,12.2,46.5,0
84,2.8,2.5,0,0,0.4,0,6.8,12.2,46.5,0
85,2.7,2.5,0,0,0.4,0,6.8,12.2,46.5,0
86,2.7,2.5,0,0,0.4,0,6.8,12.2,46.5,0
87,2.7,2.5,0,0,0.4,0,6.8,12.2,46.5,0
88,2.8,2.5,0,0,0.4,0,6.8,12.2,46.5,0
89,2.7,2.5,0,0,0.4,0,6.8,12.2,46.5,0
90,2.9,2.5,0,0,0.4,0,6.8,12.3,46.6,0
91,2.8,2.5,0,0,0.4,0,6.8,12.3,46.5,0
92,2.7,2.5,0,0,0.4,0,6.8,12.3,46.6,0
93,2.8,2.5,0,0,0.4,0,6.8,12.3,46.6,0
94,2.8,2.5,0,0,0.4,0,6.8,12.3,46.6,0
95,2.8,2.5,0,0,0.4,0,6.8,12.3,46.6,0
96,2.9,2.5,0,0,0.4,0,6.8,12.3,46.7,0
97,2.8,2.5,0,0,0.4,0,6.8,12.3,46.6,0
98,2.9,2.5,0,0,0.4,0,6.8,12.3,46.6,0
99,2.8,2.5,0,0,0.4,0,6.8,12.3,46.6,0
100,2.9,2.5,0,0,0.4,0,6.8,12.3,46.7,0
101,2.7,2.5,0,0,0.4,0,6.8,12.3,46.6,0
102,2.8,2.5,0,0,0.4,0,6.8,12.3,46.7,0
103,2.8,2.5,0,0,0.4,0,6.8,12.3,46.7,0
104,2.8,2.5,0,0,0.4,0,6.8,12.3,46.8,0
105,2.8,2.5,0,0,0.4,0,6.8,12.3,46.7,0
106,2.8,2.5,0,0,0.4,0,6.8,12.3,46.8,0
107,2.7,2.5,0,0,0.4,0,6.8,12.3,46.8,0
108,2.8,2.5,0,0,0.4,0,6.8,12.4,46.8,0
109,2.8,2.5,0,0,0.4,0,6.8,12.3,46.8,0
110,2.8,2.5,0,0,0.4,0,6.8,12.4,46.8,0
111,2.9,2.5,0,0,0.4,0,6.8,12.4,46.8,0
112,2.9,2.5,0,0,0.4,0,6.8,12.3,46.8,0
113,2.7,2.5,0,0,0.4,0,6.8,12.4,46.9,0
114,2.8,2.5,0,0,0.4,0,6.8,12.4,47,0
115,2.8,2.5,0,0,0.4,0,6.8,12.4,46.9,0
116,2.9,2.5,0,0,0.4,0,6.8,12.4,47,0
117,2.8,2.5,0,0,0.4,0,6.8,12.4,46.9,0
118,2.8,2.5,0,0,0.4,0,6.8,12.4,47,0
119,2.8,2.5,0,0,0.4,0,6.8,12.4,47,0
120,2.9,2.5,0,0,0.4,0,6.8,12.5,47.1,0
121,2.8,2.5,0,0,0.4,0,6.8,12.4,47,0
122,2.9,2.5,0,0,0.4,0,6.8,12.5,47,0
123,2.8,2.5,0,0,0.4,0,6.8,12.5,47,0
124,2.9,2.5,0,0,0.4,0,6.8,12.5,47,0
125,2.9,2.5,0,0,0.4,0,6.8,12.4,47,0
126,2.9,2.5,0,0,0.4,0,6.8,12.4,47.1,0
127,2.9,2.5,0,0,0.4,0,6.8,12.4,47,0
128,3.3,2.9,0,0.1,0.4,0,6.8,12.7,47.4,0
129,3.2,2.9,0,0,0,0,6.8,12.6,47.2,0
130,3.2,2.9,0,0,0,0,6.8,12.5,47.2,0
131,3.2,2.8,0,0,0,0,6.8,12.5,47.2,0
132,3.2,2.8,0,0,0,0,6.8,12.6,47.2,0
133,3.2,2.8,0,0,0,0,6.8,12.5,47.2,0
134,3.2,2.8,0,0,0,0,6.8,12.6,47.2,0
135,3.2,2.8,0,0,0,0,6.8,12.5,47.1,0
136,3.2,2.8,0,0,0,0,6.8,12.5,47.2,0
137,3.2,2.8,0,0,0,0,6.8,12.5,47.2,0
138,3.2,2.8,0,0,0,0,6.8,12.5,47.2,0
139,3.2,2.8,0,0,0,0,6.8,12.5,47.2,0
140,3.2,2.8,0,0,0,0,7.2,12.5,47.2,0
141,3.2,2.8,0,0,0,0,6.8,12.5,47.2,0
142,3.2,2.8,0,0,0,0,6.8,12.6,47.2,0
143,3.2,2.8,0,0,0,0,6.8,12.6,47.3,0
144,3.2,2.8,0,0,0,0,6.8,12.6,47.3,0
145,3.2,2.9,0,0,0,0,6.8,12.6,47.3,0
146,3.2,2.9,0,0,0,0,6.8,12.6,47.3,0
147,3.2,2.9,0,0,0,0,6.8,12.6,47.3,0
148,3.2,2.9,0,0,0,0,6.8,12.6,47.2,0
149,3.2,2.9,0,0,0,0,6.8,12.6,47.3,0
150,3.2,2.9,0,0,0,0,6.8,12.6,47.3,0
151,3.2,2.9,0,0,0,0,6.8,12.5,47.3,0
152,3.2,2.9,0,0,0,0,6.8,12.6,47.3,0
153,3.2,2.9,0,0,0,0,6.8,12.6,47.3,0
154,3.2,2.9,0,0,0,0,6.8,12.6,47.3,0
155,3.2,2.9,0,0,0,0,6.8,12.6,47.4,0
156,3.3,2.9,0,0,0,0,6.8,12.6,47.4,0
157,3.3,2.9,0,0,0,0,6.8,12.6,47.4,0
158,3.3,3,0,0,0,0,6.8,12.6,47.5,0
159,3.3,3,0,0,0,0,6.8,12.6,47.5,0
160,3.3,3,0,0,0,0,6.8,12.6,47.5,0
161,3.3,3,0,0,0,0,6.8,12.6,47.5,0
162,3.3,3,0,0,0,0,6.8,12.6,47.5,0
163,3.3,3,0,0,0,0,6.8,12.6,47.4,0
164,3.3,3,0,0,0,0,6.8,12.6,47.5,0
165,3.3,3,0,0,0,0,6.8,12.6,47.4,0
166,3.3,3,0,0,0,0,6.8,12.6,47.5,0
167,3.3,3,0,0,0,0,6.8,12.6,47.5,0
168,3.3,3,0,0,0,0,6.8,12.6,47.5,0
169,3.3,3,0,0,0,0,6.8,12.6,47.5,0
170,3.3,3,0,0,0,0,7.2,12.7,47.6,0
171,3.3,3,0,0,0,0,7.2,12.7,47.6,0
172,3.3,3,0,0,0,0,7.2,12.7,47.6,0
173,3.3,3,0,0,0,0,7.2,12.6,47.6,0
174,3.3,3,0,0,0,0,7.2,12.6,47.6,0
175,3.3,3,0,0,0,0,7.2,12.6,47.6,0
176,3.3,3,0,0,0,0,7.2,12.6,47.7,0
177,3.3,3,0,0,0,0,7.2,12.7,47.7,0
178,3.3,3,0,0,0,0,7.2,12.7,47.7,0
179,3.3,3,0,0,0,0,7.2,12.7,47.6,0
180,3.3,3,0,0,0,0,7.2,12.7,47.7,0
181,3.3,3,0,0,0,0,7.2,12.6,47.6,0
182,3.3,3,0,0,0,0,7.2,12.7,47.7,0
183,3.3,3,0,0,0,0,7.2,12.6,47.7,0
184,3.3,3,0,0,0,0,7.2,12.6,47.7,0
185,3.3,3,0,0,0,0,7.2,12.6,47.7,0
186,3.4,3,0,0,0,0,7.2,12.6,47.8,0
187,3.4,3,0,0,0,0,7.2,12.6,47.8,0
188,3.5,3,0,0,0,0,7.2,12.7,47.8,0
189,3.5,3,0,0,0,0,7.2,12.7,47.8,0
190,3.5,3,0,0,0,0,7.2,12.7,47.8,0
191,3.6,3,0,0,0,0,7.2,12.7,47.8,0
192,3.8,3.3,0,0.1,0.4,0.4,6.8,12.8,48,0.1
193,3.7,3.2,0,0,0,0,6.8,12.7,47.8,0
194,3.7,3.2,0,0,0,0,6.8,12.7,47.8,0
195,3.7,3.2,0,0,0,0,6.8,12.7,47.8,0
196,3.7,3.2,0,0,0,0,6.8,12.7,47.8,0
197,3.7,3.2,0,0,0,0,6.8,12.7,47.8,0
198,3.7,3.2,0,0,0,0,6.8,12.7,47.8,0
199,3.7,3.1,0,0,0,0,6.8,12.7,47.8,0
200,3.7,3.1,0,0,0,0,6.8,12.7,47.8,0
201,3.7,3.1,0,0,0,0,6.8,12.7,47.8,0
202,3.7,3.1,0,0,0,0,6.8,12.7,47.9,0
203,3.7,3.1,0,0,0,0,6.8,12.7,47.9,0
204,3.7,3.1,0,0,0,0,6.8,12.7,47.9,0
205,3.7,3.1,0,0,0,0,6.8,12.7,47.9,0
206,3.7,3.1,0,0,0,0,6.8,12.7,48,0
207,3.7,3.1,0,0,0,0,6.8,12.7,48,0
208,3.7,3.1,0,0,0,0,7.2,12.7,47.9,0
209,3.7,3.1,0,0,0,0,7.2,12.7,47.9,0
210,3.7,3.1,0,0,0,0,7.2,12.7,47.9,0
211,3.7,3.1,0,0,0,0,7.2,12.7,47.9,0
212,3.7,3.1,0,0,0,0,7.2,12.7,48,0
213,3.7,3.1,0,0,0,0,7.2,12.7,48,0
214,3.8,3.1,0,0,0,0,7.2,12.7,48,0
215,3.9,3.1,0,0,0,0,7.2,12.7,48,0
216,4,3.1,0,0,0,0,7.2,12.7,48,0
217,4,3.1,0,0,0,0,7.2,12.7,48,0
218,4,3.1,0,0,0,0,7.2,12.7,48.1,0
219,4,3.1,0,0,0,0,7.2,12.7,48.1,0
220,4,3.1,0,0,0,0,7.2,12.7,48.1,0
221,4,3.1,0,0,0,0,7.2,12.7,48.1,0
222,4.1,3.1,0,0,0,0,7.2,12.7,48.1,0
223,4.1,3.1,0,0,0,0,7.2,12.7,48.1,0
224,4.1,3,0,0,0,0,7.2,12.7,48.2,0
225,4.1,2.9,0,0,0,0,7.2,12.7,48.1,0
226,4.3,2.9,0,0,0,0,7.2,12.8,48.1,0
227,4.2,2.9,0,0,0,0,7.2,12.8,48.1,0
228,4.2,2.9,0,0,0,0,7.2,12.8,48.2,0
229,4.1,2.9,0,0,0,0,7.2,12.8,48.2,0
230,4.1,2.9,0,0,0,0,7.2,12.8,48.2,0
231,4.3,2.9,0,0,0,0,6.8,12.8,48.2,0
232,4.3,2.9,0,0,0,0,6.8,12.8,48.3,0
233,4.3,2.9,0,0,0,0,6.8,12.8,48.2,0
234,4.3,2.9,0,0,0,0,6.8,12.8,48.3,0
235,4.3,2.9,0,0,0,0,7.2,12.8,48.2,0
236,4.4,2.9,0,0,0,0,7.2,12.8,48.4,0
237,4.5,2.9,0,0,0,0,7.2,12.8,48.4,0
238,4.5,2.9,0,0,0,0,7.2,12.8,48.4,0
239,4.5,2.9,0,0,0,0,7.2,12.8,48.4,0
240,4.5,2.9,0,0,0,0,7.2,12.8,48.4,0
241,4.5,2.9,0,0,0,0,7.2,12.8,48.3,0
242,4.8,2.9,0,0,0,0,7.2,12.8,48.4,0
243,4.8,2.9,0,0,0,0,7.2,12.8,48.3,0
244,4.8,2.9,0,0,0,0,7.2,12.8,48.4,0
245,4.8,2.9,0,0,0,0,7.2,12.8,48.4,0
246,4.8,2.9,0,0,0,0,6.8,12.8,48.4,0
247,4.8,2.9,0,0,0,0,6.8,12.8,48.3,0
248,4.8,2.9,0,0,0,0,7.2,12.8,48.4,0
249,4.8,2.9,0,0,0,0,7.2,12.8,48.3,0
250,4.8,2.9,0,0,0,0,7.2,12.8,48.4,0
251,4.8,2.9,0,0,0,0,7.2,12.8,48.4,0
252,4.8,2.9,0,0,0,0,7.2,12.9,48.4,0
253,4.8,2.9,0,0,0,0,7.2,12.8,48.4,0
254,4.8,2.9,0,0,0,0,7.2,12.9,48.4,0
255,4.8,2.9,0,0,0,0,7.2,12.9,48.4,0
256,4.9,2.9,0,0.1,0.4,0,7.2,13,48.6,0.2
257,4.9,2.9,0,0.1,0.4,0,7.2,12.9,48.5,0.1
258,4.9,2.9,0,0,0.4,0,7.2,12.9,48.5,0
259,4.9,2.9,0,0,0.4,0,7.2,12.9,48.4,0
260,4.9,2.9,0,0,0.4,0,7.2,12.9,48.5,0
261,4.9,2.8,0,0,0.4,0,7.2,12.9,48.5,0
262,4.9,2.8,0,0,0.4,0,7.2,12.9,48.5,0
263,4.9,2.8,0,0,0.4,0,7.2,12.9,48.4,0
264,4.9,2.8,0,0,0.4,0,7.2,12.9,48.4,0
265,4.8,2.8,0,0,0.4,0,7.2,12.9,48.4,0
266,4.8,2.8,0,0,0.4,0,7.2,12.9,48.5,0
267,4.8,2.8,0,0,0.4,0,7.2,12.9,48.5,0
268,4.8,2.8,0,0,0.4,0,7.2,12.9,48.5,0
269,4.8,2.7,0,0,0.4,0,7.2,12.9,48.5,0
270,4.8,2.7,0,0,0.4,0,7.2,12.9,48.6,0
271,4.8,2.6,0,0,0.4,0,7.2,12.9,48.5,0
272,4.8,2.6,0,0,0.4,0,7.2,12.9,48.6,0
273,4.9,2.6,0,0,0.4,0,7.2,12.9,48.5,0
274,4.9,2.6,0,0,0.4,0,7.2,12.9,48.6,0
275,4.9,2.5,0,0,0.4,0,7.2,12.9,48.6,0
276,4.9,2.5,0,0,0.4,0,7.2,12.9,48.6,0
277,4.9,2.5,0,0,0.4,0,7.2,12.9,48.6,0
278,4.9,2.5,0,0,0.4,0,7.2,12.9,48.6,0
279,4.9,2.5,0,0,0.4,0,7.2,12.9,48.6,0
280,4.9,2.5,0,0,0.4,0,7.2,12.9,48.6,0
281,4.9,2.5,0,0,0.4,0,6.8,12.9,48.6,0
282,4.9,2.5,0,0,0.4,0,6.8,12.9,48.6,0
283,4.9,2.5,0,0,0.4,0,6.8,12.9,48.6,0
284,4.9,2.6,0,0,0.4,0,7.2,12.9,48.6,0
285,4.9,2.6,0,0,0.4,0,7.2,12.9,48.6,0
286,4.9,2.6,0,0,0.4,0,7.2,12.9,48.6,0
287,4.9,2.6,0,0,0.4,0,7.2,12.9,48.6,0
288,4.9,2.5,0,0,0.4,0,7.2,12.9,48.7,0
289,5,2.6,0,0,0.4,0,7.2,12.9,48.7,0
290,5.1,2.6,0,0,0.4,0,7.2,12.9,48.7,0
291,5.2,2.6,0,0,0.4,0,7.2,12.9,48.7,0
292,5.5,2.6,0,0,0.4,0,7.2,12.9,48.7,0
293,5.4,2.6,0,0,0.4,0,7.2,12.9,48.7,0
294,5.4,2.6,0,0,0.4,0,7.2,12.9,48.7,0
295,5.4,2.6,0,0,0.4,0,7.2,12.9,48.7,0
296,5.3,2.6,0,0,0.4,0,7.2,12.9,48.8,0
297,5.2,2.6,0,0,0.4,0,7.2,12.9,48.8,0
298,5.2,2.6,0,0,0.4,0,7.2,12.9,48.8,0
299,5.2,2.6,0,0,0.4,0,7.2,12.9,48.8,0
300,5.2,2.6,0,0,0.4,0,7.2,12.9,48.9,0
301,5.2,2.6,0,0,0.4,0,7.2,12.9,48.8,0
302,5.2,2.6,0,0,0.4,0,7.2,13,48.8,0
303,5.2,2.6,0,0,0.4,0,7.2,13,48.8,0
304,5.2,2.6,0,0,0.4,0,7.2,13,48.8,0
305,5.1,2.6,0,0,0.4,0,7.2,13,48.8,0
306,5,2.6,0,0,0.4,0,7.2,13,48.9,0
307,5,2.6,0,0,0.4,0,7.2,13,48.9,0
308,5.1,2.6,0,0,0.4,0,7.2,13,48.9,0
309,5.2,2.6,0,0,0.4,0,7.2,13,48.9,0
310,5.6,2.6,0,0,0.4,0,7.2,13,48.9,0
311,5.6,2.6,0,0,0.4,0,7.2,13,48.9,0
312,5.6,2.6,0,0,0.4,0,7.2,13,48.9,0
313,5.6,2.6,0,0,0.4,0,7.2,13,48.9,0
314,5.6,2.6,0,0,0.4,0,7.2,13,48.8,0
315,5.6,2.6,0,0,0.4,0,7.2,13,48.8,0
316,5.4,2.6,0,0,0.4,0,7.2,13,48.8,0
317,5.3,2.6,0,0,0.4,0,6.8,13,48.8,0
318,5.3,2.6,0,0,0.4,0,6.8,13,48.9,0
319,5.3,2.6,0,0,0.4,0,7.2,13,48.9,0
320,5.6,3.2,0.1,0.2,0.4,0,7.6,13.2,49,0.2
321,5.6,3,0,0,0.4,0,7.2,13.1,48.9,0
322,5.7,2.9,0,0,0.4,0,7.2,13.1,48.9,0
323,5.7,2.9,0,0,0.4,0,7.2,13.1,48.8,0
324,5.6,2.9,0,0,0.4,0,7.2,13.1,48.8,0
325,5.4,2.9,0,0,0.4,0,7.2,13.1,48.8,0
326,5.4,2.9,0,0,0.4,0,7.2,13.1,48.8,0
327,5.5,2.9,0,0,0.4,0,7.2,13.1,48.8,0
328,5.6,2.9,0,0,0.4,0,7.2,13.1,48.8,0
329,5.6,2.9,0,0,0.4,0,7.2,13.1,48.8,0
330,5.7,2.9,0,0,0.4,0,7.2,13.1,48.8,0
331,5.6,2.9,0,0,0.4,0,7.2,13.1,48.8,0
332,5.6,2.9,0,0,0.4,0,7.2,13.1,48.8,0
333,5.6,2.9,0,0,0.4,0,7.2,13.1,48.8,0
334,5.7,2.9,0,0,0.4,0,7.2,13.1,48.9,0
335,5.7,2.9,0,0,0.4,0,7.2,13.1,48.8,0
336,5.7,2.9,0,0,0.4,0,7.2,13.1,48.9,0
337,5.7,2.9,0,0,0.4,0,7.2,13.1,48.9,0
338,5.7,2.9,0,0,0.4,0,7.2,13.1,48.8,0
339,5.6,2.9,0,0,0.4,0,7.2,13.1,48.9,0
340,5.6,2.9,0,0,0.4,0,7.2,13.1,48.9,0
341,5.6,2.9,0,0,0.4,0,7.2,13.1,48.9,0
342,5.6,2.9,0,0,0.4,0,7.2,13.1,48.9,0
343,5.7,2.9,0,0,0.4,0,7.2,13.1,48.9,0
344,5.7,2.9,0,0,0.4,0,7.2,13.1,48.9,0
345,5.4,2.9,0,0,0.4,0,7.2,13.1,48.9,0
346,5.4,3,0,0,0.4,0,7.2,13.1,48.9,0
347,5.4,3,0,0,0.4,0,7.2,13.1,48.9,0
348,5.4,3,0,0,0.4,0,7.2,13.1,49,0
349,5.5,3.1,0,0,0.4,0,7.2,13.1,49,0
350,5.4,3.1,0,0,0.4,0,7.2,13.1,49,0
351,5.3,3.1,0,0,0.4,0,7.2,13.1,48.9,0
352,5.4,3.1,0,0,0.4,0,7.2,13.1,49,0
353,5.4,3.1,0,0,0.4,0,7.2,13.1,48.9,0
354,5.5,3.2,0,0,0.4,0,7.2,13.1,49,0
355,5.5,3.2,0,0,0.4,0,7.2,13.1,49,0
356,5.7,3.3,0,0,0.4,0,7.2,13.1,49,0
357,5.6,3.3,0,0,0.4,0,7.2,13.1,49,0
358,5.6,3.3,0,0,0.4,0,7.2,13.1,49.1,0
359,5.6,3.3,0,0,0.4,0,7.2,13.1,49,0
360,5.6,3.3,0,0,0.4,0,7.2,13.1,49.1,0
361,5.6,3.3,0,0,0.4,0,7.2,13.1,49,0
362,5.6,3.4,0,0,0.4,0,7.2,13.1,49,0
363,5.5,3.3,0,0,0.4,0,7.2,13.1,49,0
364,5.3,3.5,0,0,0.4,0,7.2,13.2,49,0
365,5.4,3.5,0,0,0.4,0,7.2,13.2,49,0
366,5.4,3.5,0,0,0.4,0,7.2,13.2,49,0
367,5.4,3.4,0,0,0.4,0,7.2,13.1,49,0
368,5.6,3.4,0,0,0.4,0,7.2,13.1,49,0
369,5.6,3.4,0,0,0.4,0,7.2,13.1,49,0
370,5.6,3.5,0,0,0.4,0,7.2,13.1,49,0
371,5.3,3.4,0,0,0.4,0,7.2,13.1,49.1,0
372,5.3,3.5,0,0,0.4,0,7.2,13.1,49.1,0
373,5.2,3.5,0,0,0.4,0,7.2,13.1,49.1,0
374,5.3,3.5,0,0,0.4,0,7.2,13.1,49,0
375,5.4,3.5,0,0,0.4,0,7.2,13.1,49,0
376,5.6,3.5,0,0,0.4,0,7.2,13.1,49.1,0
377,5.6,3.5,0,0,0.4,0,7.2,13.1,49,0
378,5.6,3.5,0,0,0.4,0,7.2,13.1,49,0
379,5.6,3.3,0,0,0.4,0,7.2,13.1,49,0
380,5.6,3.6,0,0,0.8,0,7.2,13.1,49,0
381,5.6,3.6,0,0,0.4,0,7.2,13.1,49,0
382,5.5,3.6,0,0,0.4,0,7.2,13.1,49,0
383,5.2,3.6,0,0,0.4,0,7.2,13.1,49.1,0
384,5.3,4,0,0.3,0.4,0,7.2,13.3,49.4,0.1
385,5.2,3.7,0,0.3,0.4,0,7.2,13.2,49.3,0
386,5.1,3.7,0,0.3,0.4,0,7.2,13.2,49.3,0
387,5,3.5,0,0.3,0.4,0,7.2,13.2,49.2,0
388,5,3.7,0,0.3,0.4,0,7.2,13.2,49.2,0
389,5,3.7,0,0.3,0.4,0,7.2,13.2,49.2,0
390,5.1,3.8,0,0.3,0.4,0,7.2,13.2,49.2,0
391,5.1,3.8,0,0.3,0.4,0,7.2,13.2,49.2,0
392,5,3.8,0,0.3,0.4,0,7.2,13.2,49.2,0
393,4.9,3.8,0,0.3,0.4,0,7.2,13.2,49.2,0
394,4.9,3.8,0,0.3,0.4,0,7.2,13.2,49.2,0
395,4.9,3.7,0,0.3,0.4,0,7.2,13.2,49.2,0
396,4.9,3.6,0,0.3,0.4,0,7.2,13.2,49.2,0
397,4.9,3.4,0,0.3,0.4,0,7.2,13.2,49.2,0
398,5,3.5,0,0.3,0.4,0,7.2,13.2,49.2,0
399,5.1,3.5,0,0.3,0.4,0,7.2,13.2,49.2,0
400,5.2,3.6,0,0.3,0.4,0,7.2,13.2,49.3,0
401,5.3,3.6,0,0.3,0.4,0,7.2,13.2,49.3,0
402,5.3,3.7,0,0.4,0.4,0,7.2,13.2,49.3,0
403,5.4,3.7,0,0.7,0.4,0,7.2,13.2,49.2,0
404,5.6,3.7,0,0.8,0.4,0,7.2,13.2,49.3,0
405,5.5,3.6,0,1.2,0.4,0,7.2,13.2,49.3,0
406,5.4,3.5,0,1.2,0.4,0,7.2,13.2,49.3,0
407,5.2,3.4,0,1.5,0.4,0,7.2,13.2,49.3,0
408,5.1,3.4,0,1.9,0.4,0,7.2,13.2,49.3,0
409,5.2,3.5,0,2.3,0.4,0,7.2,13.1,49.3,0
410,5.2,3.6,0,2.4,0.4,0,7.2,13.2,49.3,0
411,4.9,3.6,0,2.4,0.4,0,7.2,13.2,49.3,0
412,4.9,3.6,0,2.4,0.4,0,7.2,13.2,49.4,0
413,4.9,3.5,0,2.5,0.4,0,7.2,13.2,49.4,0
414,4.9,3.6,0,2.5,0.4,0,7.2,13.2,49.4,0
415,4.9,3.6,0,2.4,0.4,0,7.2,13.2,49.4,0
416,5,3.7,0,2.4,0.4,0,7.2,13.2,49.4,0
417,4.9,3.6,0,2.4,0.4,0,7.2,13.2,49.4,0
418,4.9,3.5,0,2.3,0.4,0,7.2,13.2,49.4,0
419,4.9,3.4,0,2.3,0.4,0,7.2,13.2,49.3,0
420,4.9,3.6,0,2.2,0.4,0,7.2,13.2,49.3,0
421,4.8,3.5,0,1.9,0.4,0,7.2,13.2,49.3,0
422,4.8,3.4,0,1.7,0.4,0,7.2,13.2,49.3,0
423,4.8,3.3,0,1.7,0.4,0,7.2,13.2,49.3,0
424,4.8,3.5,0,1.6,0.4,0,7.2,13.2,49.3,0
425,4.8,3.4,0,1.6,0.4,0,7.2,13.2,49.3,0
426,4.8,3.3,0,1.7,0.4,0,7.2,13.2,49.3,0
427,4.8,3.3,0,2,0.4,0,7.2,13.2,49.4,0
428,4.8,3.3,0,1.7,0.4,0,7.2,13.2,49.3,0
429,4.8,3.3,0,1.6,0.4,0,7.2,13.2,49.3,0
430,4.8,3.3,0,1.6,0.4,0,7.2,13.2,49.4,0
431,4.7,3.3,0,1.6,0.4,0,7.2,13.2,49.4,0
432,4.7,3.3,0,1.6,0.4,0,7.2,13.2,49.4,0
433,4.7,3.3,0,1.5,0.4,0,7.2,13.2,49.4,0
434,4.7,3.3,0,1.1,0.4,0,7.2,13.2,49.4,0
435,4.7,3.3,0,0.9,0.4,0,7.2,13.2,49.4,0
436,4.7,3.3,0,0.7,0.4,0,7.2,13.3,49.5,0
437,4.7,3.2,0,0.7,0.4,0,7.2,13.3,49.4,0
438,4.6,3.2,0,0.6,0.4,0,7.2,13.3,49.5,0
439,4.5,3.2,0,0.4,0.4,0,7.2,13.3,49.4,0
440,4.5,3.2,0,0.4,0.4,0,7.2,13.3,49.4,0
441,4.5,3.2,0,0.4,0.4,0,7.2,13.3,49.4,0
442,4.5,3.2,0,0.4,0.4,0,7.2,13.3,49.4,0
443,4.4,3.2,0,0.4,0.4,0,7.2,13.3,49.4,0
444,4.4,3.2,0,0.4,0.4,0,7.2,13.3,49.5,0
445,4.4,3.2,0,0.4,0.4,0,7.2,13.3,49.6,0
446,4.3,3.2,0,0.4,0.4,0,7.2,13.3,49.6,0
447,4.1,3.2,0,0.5,0.4,0,7.2,13.3,49.5,0
448,4.5,3.1,0.2,0.8,0.4,0,7.6,13.4,49.7,0.1
449,4.4,3.1,0.1,0.7,0.4,0,7.2,13.3,49.6,0
450,4.4,3.1,0,0.7,0.4,0,7.2,13.3,49.6,0
451,4.3,3.1,0,0.7,0.4,0,7.2,13.2,49.5,0
452,4.3,3.1,0,0.7,0.4,0,7.2,13.3,49.6,0
453,4.1,3,0,0.7,0.4,0,7.2,13.3,49.6,0
454,4.1,3,0,0.7,0.4,0,7.2,13.3,49.6,0
455,4.1,2.9,0,0.8,0.4,0,7.2,13.3,49.6,0
456,4.1,2.9,0,0.7,0.4,0,7.2,13.3,49.6,0
457,4,2.9,0,0.7,0.4,0,7.2,13.2,49.6,0
458,4,2.9,0,0.5,0.4,0,7.2,13.2,49.6,0
459,4,2.9,0,0.5,0.4,0,7.2,13.2,49.5,0
460,4.1,2.9,0,0.5,0.4,0,7.2,13.3,49.5,0
461,4.1,2.9,0,0.5,0.4,0,7.2,13.2,49.5,0
462,4.1,2.9,0,0.5,0.4,0,7.2,13.2,49.6,0
463,4.2,2.9,0,0.5,0.4,0,7.2,13.2,49.6,0
464,4.1,2.9,0,0.4,0.4,0,7.2,13.2,49.6,0
465,4.1,2.9,0,0.4,0.4,0,7.2,13.3,49.6,0
466,4.1,2.9,0,0.4,0.4,0,7.2,13.3,49.6,0
467,4.1,2.9,0,0.4,0.4,0,7.2,13.2,49.6,0
468,4.1,2.9,0,0.4,0.4,0,7.2,13.3,49.6,0
469,4,2.9,0,0.4,0.4,0,7.2,13.3,49.6,0
470,4,2.9,0,0.4,0.4,0,7.2,13.2,49.6,0
471,4,2.9,0,0.4,0.4,0,7.2,13.2,49.7,0
472,4,2.9,0,0.3,0.8,0,7.2,13.3,49.7,0
473,4,2.9,0,0.3,0.8,0,7.2,13.3,49.6,0
474,4,2.9,0,0.2,0.8,0,7.2,13.3,49.6,0
475,4,2.9,0,0.2,0.8,0,7.2,13.3,49.6,0
476,4,2.9,0,0.2,0.8,0,7.2,13.3,49.7,0
477,4,2.9,0,0.1,0.8,0,7.2,13.3,49.6,0
478,4,2.9,0,0.1,0.8,0,7.2,13.3,49.6,0
479,3.9,2.8,0,0.1,0.8,0,7.2,13.3,49.6,0
480,3.8,2.9,0,0,0.8,0,7.6,13.3,49.6,0
481,3.7,2.9,0,0,0.8,0,7.6,13.3,49.6,0
482,3.7,2.9,0,0,0.8,0,7.6,13.3,49.6,0
483,3.7,2.9,0,0,0.8,0,7.6,13.3,49.6,0
484,3.7,2.9,0,0,0.8,0,7.6,13.3,49.7,0
485,3.6,2.9,0,0,0.8,0,7.6,13.3,49.6,0
486,3.6,2.9,0,0,0.8,0,7.6,13.3,49.7,0
487,3.6,2.9,0,0,0.8,0,7.6,13.3,49.6,0
488,3.6,2.9,0,0,0.8,0,7.6,13.3,49.7,0
489,3.6,2.8,0,0,0.8,0,7.6,13.3,49.6,0
490,3.6,2.8,0,0,0.8,0,7.6,13.3,49.6,0
491,3.6,2.8,0,0,0.8,0,7.6,13.3,49.7,0
492,3.6,2.8,0,0,0.8,0,7.6,13.3,49.7,0
493,3.6,2.8,0,0,0.8,0,7.6,13.3,49.6,0
494,3.5,2.8,0,0,0.8,0,7.6,13.3,49.6,0
495,3.5,2.8,0,0,0.8,0,7.6,13.3,49.6,0
496,3.5,2.8,0,0,0.8,0,7.6,13.3,49.7,0
497,3.5,2.8,0,0,0.8,0,7.6,13.3,49.6,0
498,3.6,2.8,0,0,0.8,0,7.6,13.3,49.7,0
499,3.5,2.8,0,0,0.8,0,7.6,13.3,49.7,0
500,3.5,2.8,0,0,0.8,0,7.6,13.3,49.8,0
501,3.4,2.8,0,0,0.8,0,7.6,13.3,49.7,0
502,3.5,2.8,0,0,0.8,0,7.6,13.3,49.8,0
503,3.5,2.8,0,0,0.8,0,7.6,13.3,49.9,0
504,3.5,2.8,0,0,0.4,0,7.6,13.4,49.9,0
505,3.5,2.8,0,0,0.4,0,7.6,13.4,49.8,0
506,3.5,2.8,0,0,0.4,0,7.6,13.4,49.8,0
507,3.5,2.9,0,0,0.4,0,7.6,13.3,49.8,0
508,3.5,2.9,0,0,0.4,0,7.6,13.3,49.9,0
509,3.5,2.9,0,0,0.4,0,7.6,13.3,49.8,0
510,3.4,2.9,0,0,0.8,0,7.6,13.3,49.8,0
511,3.4,2.9,0,0,0.4,0,7.6,13.3,49.8,0
512,3.4,3.2,0.2,0.2,0.8,0,8,13.6,50,0.2
513,3.3,3.1,0,0.1,0.8,0,8,13.5,49.9,0
514,3.3,3.1,0,0.1,0.8,0,8,13.5,49.9,0
515,3.3,3.1,0,0.1,0.4,0,8,13.4,49.8,0
516,3.3,3.1,0,0.1,0.4,0,8,13.4,49.8,0
517,3.3,3,0,0,0.4,0,8,13.4,49.8,0
518,3.3,3,0,0,0.4,0,8,13.4,49.8,0
519,3.3,3,0,0,0.4,0,8,13.4,49.8,0
520,3.3,3,0,0,0.4,0,8,13.4,49.8,0
521,3.3,3,0,0,0.4,0,8,13.4,49.7,0
522,3.3,3,0,0,0.4,0,8,13.4,49.8,0
523,3.3,3,0,0,0.4,0,8,13.4,49.7,0
524,3.3,3,0,0,0.4,0,8,13.4,49.7,0
525,3.3,3,0,0,0.4,0,8,13.4,49.7,0
526,3.3,3,0,0,0.4,0,8,13.4,49.7,0
527,3.3,3.1,0,0,0.4,0,8,13.4,49.7,0
528,3.3,3.2,0,0,0.4,0,8,13.4,49.7,0
529,3.3,3.3,0,0,0.4,0,8,13.4,49.7,0
530,3.3,3.3,0,0,0.4,0,8,13.4,49.7,0
531,3.2,3.2,0,0,0.4,0,8,13.4,49.6,0
532,3.2,3.4,0,0,0.4,0,8,13.4,49.6,0
533,3.2,3.4,0,0,0.4,0,8,13.4,49.6,0
534,3.2,3.6,0,0,0.4,0,8,13.4,49.6,0
535,3.2,3.7,0,0,0.4,0,8,13.4,49.7,0
536,3.3,3.7,0,0,0.4,0,8,13.4,49.7,0
537,3.3,3.7,0,0,0.4,0,8,13.4,49.7,0
538,3.3,3.7,0,0,0.4,0,8,13.4,49.7,0
539,3.3,3.4,0,0,0.4,0,8,13.4,49.7,0
540,3.3,3.5,0,0,0.4,0,8,13.4,49.7,0
541,3.3,3.5,0,0,0.4,0,8,13.4,49.7,0
542,3.3,3.7,0,0,0.4,0,8,13.4,49.7,0
543,3.3,3.7,0,0,0.4,0,8,13.4,49.8,0
544,3.3,3.7,0,0,0.4,0,8,13.4,49.8,0
545,3.3,3.7,0,0,0.4,0,8,13.4,49.7,0
546,3.3,3.8,0,0,0.4,0,8,13.4,49.7,0
547,3.3,3.9,0,0,0.4,0,8,13.4,49.8,0
548,3.3,4,0,0,0.4,0,8,13.4,49.8,0
549,3.3,4,0,0,0.4,0,8,13.4,49.8,0
550,3.3,4,0,0,0.4,0,8,13.4,49.7,0
551,3.3,4,0,0,0.4,0,8,13.4,49.7,0
552,3.3,4,0,0,0.4,0,8,13.4,49.7,0
553,3.3,4,0,0,0.4,0,8,13.4,49.7,0
554,3.3,4,0,0,0.4,0,8,13.4,49.7,0
555,3.3,4,0,0,0.4,0,8,13.4,49.8,0
556,3.3,4,0,0,0.4,0,8,13.4,49.7,0
557,3.3,4,0,0,0.4,0,8,13.4,49.7,0
558,3.3,4.3,0,0,0.4,0,8,13.4,49.8,0
559,3.3,4.3,0,0,0.4,0,8,13.4,49.8,0
560,3.3,4.3,0,0,0.8,0,8,13.4,49.8,0
561,3.3,4.4,0,0,0.8,0,8,13.4,49.8,0
562,3.3,4.5,0,0,0.4,0,8,13.4,49.8,0
563,3.3,4.5,0,0,0.4,0,8,13.4,49.8,0
564,3.3,4.3,0,0,0.4,0,8,13.4,49.8,0
565,3.3,4.4,0,0,0.4,0,8,13.4,49.8,0
566,3.3,4.4,0,0,0.4,0,8,13.4,49.9,0
567,3.3,4.4,0,0,0.4,0,8,13.4,49.8,0
568,3.3,4.5,0,0,0.4,0,8,13.4,49.9,0
569,3.3,4.6,0,0,0.4,0,8,13.4,49.8,0
570,3.3,4.7,0,0,0.4,0,8,13.5,49.8,0
571,3.3,4.8,0,0,0.4,0,8,13.4,49.8,0
572,3.3,4.8,0,0,0.4,0,8,13.4,49.9,0
573,3.3,4.8,0,0,0.4,0,8,13.4,49.9,0
574,3.3,4.8,0,0,0.4,0,8,13.4,49.8,0
575,3.3,4.8,0,0,0.4,0,8,13.4,49.8,0
576,3.7,4.9,0.3,0.3,0.8,0.4,8,13.6,50,0.2
577,3.7,4.9,0.3,0.2,0.4,0.4,8,13.6,49.8,0.2
578,3.7,4.9,0.2,0.2,0.4,0.4,8,13.6,49.8,0.1
579,3.7,4.9,0.1,0.2,0.4,0.4,8,13.5,49.8,0
580,3.6,4.9,0.1,0.1,0.4,0.4,8,13.5,49.8,0
581,3.6,4.9,0,0.1,0.4,0.4,8,13.5,49.8,0
582,3.6,4.9,0,0.1,0.4,0,8,13.5,49.8,0
583,3.6,4.9,0,0.1,0.4,0,8,13.5,49.8,0
584,3.6,5,0,0.1,0.4,0,8,13.5,49.9,0
585,3.6,5,0,0.1,0.4,0,8,13.5,49.8,0
586,3.6,5,0,0.1,0.4,0,8,13.5,49.8,0
587,3.6,5,0,0,0.4,0,8,13.5,49.7,0
588,3.6,5.4,0,0,0.4,0,8,13.5,49.8,0
589,3.6,5.5,0,0,0.4,0,8,13.5,49.7,0
590,3.7,5.6,0,0,0.4,0,8,13.5,49.8,0
591,3.7,5.4,0,0,0.4,0,8,13.5,49.8,0
592,3.7,5.4,0,0,0.4,0,8,13.5,49.9,0
593,3.7,5.4,0,0,0.4,0,8,13.5,49.8,0
594,3.7,5.4,0,0,0.4,0,8,13.5,49.9,0
595,3.7,5.4,0,0,0.4,0,8,13.5,49.8,0
596,3.7,5.4,0,0,0.4,0,8,13.5,49.8,0
597,3.7,5.4,0,0,0.4,0,8,13.5,49.8,0
598,3.8,5.4,0,0,0.4,0,8,13.5,49.8,0
599,3.9,5.3,0,0,0.4,0,8,13.5,49.8,0
600,4.3,5.3,0,0,0.4,0,8,13.5,49.9,0
601,4.3,5.2,0,0,0.4,0,8,13.5,49.8,0
602,4.3,5,0,0,0.4,0,8,13.6,49.8,0
603,4.3,5.1,0,0,0.4,0,8,13.5,49.8,0
604,4.3,5.4,0,0,0.4,0,8,13.5,49.8,0
605,4.2,5.6,0,0,0.4,0,8,13.5,49.7,0
606,4.4,5.6,0,0,0.8,0,8,13.5,49.8,0
607,4.4,5.5,0,0,0.4,0,8,13.5,49.8,0
608,4.3,5.5,0,0,0.4,0,8,13.5,49.9,0
609,4.4,5.4,0,0,0.4,0,8,13.5,49.8,0
610,4.4,5.3,0,0,0.4,0,8,13.5,49.9,0
611,4.5,5.1,0,0,0.4,0,8,13.5,49.8,0
612,4.5,5,0,0,0.8,0,8,13.5,49.9,0
613,4.5,4.8,0,0,0.4,0,8,13.5,49.8,0
614,4.7,4.8,0,0,0.4,0,8,13.6,49.8,0
615,4.6,4.8,0,0,0.4,0,8,13.6,49.7,0
616,4.9,4.8,0,0,0.4,0,8,13.6,49.8,0
617,4.9,4.8,0,0,0.4,0,8,13.5,49.8,0
618,5,4.8,0,0,0.8,0,8,13.5,49.8,0
619,4.8,4.8,0,0,0.4,0,8,13.5,49.9,0
620,5.2,4.8,0,0,0.4,0,8.4,13.6,49.9,0
621,5.2,4.8,0,0,0.4,0,8,13.5,49.9,0
622,5.2,4.8,0,0,0.4,0,8,13.6,49.9,0
623,5.2,4.8,0,0,0.4,0,8,13.6,49.8,0
624,5.2,4.8,0,0,0.4,0,8,13.6,49.8,0
625,5.3,4.8,0,0,0.4,0,8,13.5,49.8,0
626,5.3,4.8,0,0,0.4,0,8,13.5,49.7,0
627,5.4,4.6,0,0,0.4,0,8,13.5,49.8,0
628,5.5,4.6,0,0,0.4,0,8.4,13.6,49.9,0
629,5.6,4.5,0,0,0.4,0,8,13.6,49.8,0
630,5.6,4.5,0,0,0.4,0,8,13.5,49.8,0
631,5.6,4.5,0,0,0.4,0,8,13.5,49.8,0
632,5.6,4.3,0,0,0.4,0,8,13.6,49.9,0
633,6.1,4.4,0,0,0.4,0,8,13.6,49.8,0
634,6.4,4.4,0,0,0.4,0,8,13.6,49.8,0
635,6.6,4.4,0,0,0.4,0,8,13.6,49.9,0
636,6.8,4.5,0,0,0.4,0,8,13.6,49.9,0
637,6.7,4.4,0,0,0.8,0,8,13.6,49.9,0
638,6.5,4.4,0,0,0.8,0,8,13.6,49.9,0
639,6.9,4.4,0,0,0.8,0,8,13.6,49.9,0
640,7,4.4,0.4,0.4,0.8,0,8,13.7,50.1,0.3
641,7,4.2,0.2,0.3,0.8,0,8,13.6,50,0.1
642,7,4.3,0.2,0.3,0.8,0,8,13.6,50,0
643,7,4.2,0.2,0.2,0.8,0,8,13.6,49.9,0
644,6.9,4.2,0.1,0.2,0.8,0,8,13.6,49.8,0
645,6.8,4.1,0.1,0.1,0.8,0,8,13.6,49.8,0
646,7,4,0,0.1,0.8,0,8,13.6,49.9,0
647,7.2,4,0,0.1,0.8,0,8,13.6,49.8,0
648,7.3,4,0,0.1,0.8,0,8,13.6,49.9,0
649,7.6,4.2,0,0.1,0.8,0,8,13.6,49.9,0
650,7.6,4.2,0,0.1,0.8,0,8,13.6,49.9,0
651,7.6,4,0,0.1,0.8,0,8,13.6,49.9,0
652,7.6,4,0,0.1,0.8,0,8,13.6,50,0
653,7.6,4,0,0.1,0.8,0,8,13.6,49.9,0
654,8,4,0,0.1,0.8,0,8,13.6,49.9,0
655,8.4,4,0,0.1,0.8,0,8,13.6,49.9,0
656,8,4,0,0.1,0.8,0,8,13.6,49.9,0
657,7.8,4,0,0.1,0.4,0,8,13.6,49.9,0
658,8.2,4,0,0,0.4,0,8.4,13.6,49.9,0
659,8.2,4,0,0,0.8,0,8,13.6,49.9,0
660,8,4,0,0,0.8,0,8,13.6,49.9,0
661,8,4,0,0,0.8,0,8,13.6,49.9,0
662,8,3.8,0,0,0.8,0,8,13.6,49.9,0
663,8.5,3.8,0,0,0.8,0,8,13.6,49.9,0
664,8.4,3.8,0,0,0.8,0,8.4,13.6,49.9,0
665,8.5,3.7,0,0,0.8,0,8.4,13.6,50,0
666,9.2,3.4,0,0,0.8,0,8.4,13.6,50,0
667,9.3,3.3,0,0,0.8,0,8.4,13.6,50,0
668,9.7,3.4,0,0,0.8,0,8.8,13.6,50,0
669,9.7,3.5,0,0,0.8,0,8.4,13.6,50,0
670,10.1,3.4,0,0,0.8,0,8,13.6,50,0
671,10.4,3.4,0,0,0.8,0,8.4,13.6,50,0
672,10.1,3.4,0,0,0.8,0,8.4,13.6,50,0
673,9.7,3.5,0,0,0.8,0,8,13.6,49.9,0
674,10,3.5,0,0,0.8,0,8.4,13.6,49.9,0
675,10.4,3.4,0,0,0.8,0,8,13.6,49.9,0
676,10,3.7,0,0,0.8,0,8.4,13.6,49.9,0
677,9.6,3.7,0,0,0.8,0,8.4,13.6,49.9,0
678,9.6,3.6,0,0,0.8,0,8.4,13.6,50,0
679,9.7,3.3,0,0.1,0.8,0,8.4,13.6,49.9,0
680,10,3.3,0,0.1,0.8,0,8.4,13.6,49.9,0
681,10.4,3.3,0,0.1,0.8,0,8.4,13.6,49.9,0
682,10.1,3.4,0,0.1,1.2,0,8.8,13.6,50,0
683,9.8,3.4,0,0.1,1.2,0,8.8,13.6,50,0
684,10.1,3.3,0,0.1,1.6,0,8.8,13.6,50,0
685,10.6,3.3,0.2,0.1,2,0,8.8,13.6,50,0
686,11,3.4,0.2,0.1,2,0,8.8,13.6,50,0
687,11.3,3.4,0.3,0.1,2.4,0,8.8,13.6,49.9,0
688,11.7,3.5,0.3,0.1,2.4,0,8.8,13.6,50,0
689,11.7,3.5,0.3,0.1,2.4,0.4,8.8,13.6,50,0
690,12.1,3.5,0.4,0.1,2.4,0.8,8.8,13.6,50,0
691,12.4,3.6,0.4,0.1,2.4,1.2,8.8,13.6,50,0
692,12.4,3.7,0.4,0.1,2.4,1.2,8.8,13.6,50.1,0
693,13,3.7,0.4,0.1,2.4,1.2,8.8,13.6,50,0
694,13.3,3.8,0.4,0.1,2.4,1.6,8.8,13.6,50.1,0
695,13.3,3.8,0.4,0.1,2.4,1.6,8.8,13.6,50,0
696,12.9,4,0.4,0.1,2.4,2,8.8,13.6,50,0
697,12.6,4,0.5,0.1,2.4,2,8.8,13.6,50,0
698,13,4,0.4,0.1,2.4,2,8.8,13.6,50.1,0
699,13.9,4,0.5,0.1,2.4,2,8.8,13.6,50,0
700,14.5,4.4,0.5,0.1,2.4,2,8.8,13.6,50,0
701,14.3,4.8,0.7,0.1,2.4,2.4,8.8,13.6,50,0
702,14.3,5,0.6,0.1,2.4,2.4,8.8,13.7,50,0
703,13.9,5.1,0.6,0.1,2,2.4,8.8,13.6,50,0
704,14.5,5.4,0.8,0.4,1.6,2.4,8.8,13.8,50.2,0.1
705,14.1,5.3,0.8,0.4,1.6,2.4,8.8,13.7,50.1,0.1
706,14.5,5.3,0.8,0.4,1.6,2.4,8.8,13.7,50,0.1
707,14.5,5.3,0.8,0.4,1.6,2.4,8.8,13.7,50,0
708,14.1,5.8,0.6,0.4,2,2.4,8.8,13.7,50,0
709,14.3,5.5,0.6,0.4,2,2.4,8.8,13.6,50,0
710,15.2,5.3,0.7,0.4,2,2.4,8.8,13.7,50,0
711,15.9,5.5,0.7,0.4,2,2.4,8.8,13.6,50,0
712,15.9,5.8,0.7,0.4,1.6,2,8.8,13.7,50.1,0
713,15.3,6,0.7,0.4,1.6,1.6,8.8,13.7,50,0
714,15.3,5.8,0.6,0.4,1.6,1.2,8.8,13.7,50,0
715,15.7,5.8,0.6,0.4,1.6,1.2,8.8,13.6,50,0
716,15.6,5.9,0.5,0.3,1.2,1.2,8.8,13.7,50.1,0
717,16.1,5.7,0.6,0.3,0.8,1.2,8.8,13.6,50,0
718,16.1,6,0.6,0.3,0.8,1.2,8.8,13.7,50.1,0
719,16.1,6,0.6,0.3,0.8,1.6,8.8,13.6,50.1,0
720,16.1,6.5,0.5,0.3,0.8,2,8.8,13.6,50.1,0
721,16.1,6.5,0.5,0.3,0.8,1.6,8.8,13.7,50.1,0
722,16.1,6.7,0.6,0.4,0.8,1.6,8.8,13.7,50.1,0
723,15.9,7,0.7,0.4,0.8,1.2,8.8,13.6,50,0
724,15.9,7,0.5,0.4,0.8,0.8,8.8,13.6,50,0
725,16.7,7.3,0.6,0.4,0.8,0.4,8.8,13.6,50,0
726,17.2,7.8,0.6,0.4,0.8,0.4,8.8,13.6,50,0
727,17.3,7.8,0.7,0.4,0.8,0.4,8.8,13.6,50,0
728,18,8.2,0.5,0.4,0.8,0.4,8.8,13.6,50,0
729,18,8.4,0.5,0.4,0.8,0.4,8.8,13.6,50,0
730,18.4,9.1,0.6,0.4,0.8,0.4,8.8,13.6,50,0
731,18.5,9,0.6,0.4,0.8,0.4,8.8,13.6,49.9,0
732,19.2,9.6,0.5,0.4,0.8,0.4,8.8,13.6,50,0
733,19.2,9.9,0.4,0.4,0.8,0.4,8.8,13.6,50,0
734,19.3,10.1,0.4,0.4,0.8,0.4,8.8,13.6,50,0
735,18.9,10.1,0.6,0.4,0.8,0.4,8.8,13.6,50,0
736,18.8,10.1,0.5,0.4,0.8,0.4,8.8,13.6,50,0
737,19.2,10.1,0.6,0.5,0.8,0.4,8.8,13.6,49.9,0
738,19.4,10.4,0.5,0.5,0.8,0.4,8.8,13.6,50,0
739,19.6,10.9,0.5,0.6,0.8,0,8.8,13.6,50,0
740,19.1,10.4,0.5,0.5,0.8,0,8.8,13.6,50,0
741,18.9,10.6,0.5,0.5,0.8,0,8.8,13.6,50,0
742,19,11,0.5,0.5,0.8,0,8.8,13.6,50,0
743,19.7,11.3,0.5,0.5,0.8,0,8.8,13.6,50.1,0
744,20.2,11.9,0.5,0.5,0.8,0,8.8,13.6,50.1,0
745,20.7,12.7,0.5,0.5,0.8,0,8.8,13.6,50,0
746,20.9,13.6,0.5,0.5,0.8,0,8.8,13.6,50.1,0
747,20.5,13.5,0.5,0.5,1.2,0,8.8,13.7,50.1,0
748,20.9,13.8,0.5,0.5,1.2,0,8.8,13.7,50.1,0
749,21.6,14.4,0.4,0.6,1.2,0,8.8,13.7,50.1,0
750,22.1,15.3,0.4,0.6,1.2,0,8.8,13.7,50.1,0
751,22.5,16.1,0.4,0.6,0.8,0,8.8,13.7,50.1,0
752,22.6,16.9,0.4,0.7,0.8,0,8.8,13.7,50.2,0
753,22.6,17.3,0.4,0.7,0.8,0,8.8,13.7,50.2,0
754,21.5,17.1,0.4,0.7,0.8,0,9.2,13.7,50.1,0
755,21.3,17.3,0.4,0.7,0.8,0,9.2,13.7,50.2,0
756,21.6,17.2,0.4,0.7,0.8,0,9.2,13.7,50.2,0
757,22.6,17.9,0.4,0.7,0.8,0,9.2,13.7,50.2,0
758,22.6,18.3,0.4,0.7,0.8,0,9.2,13.7,50.1,0
759,22.3,18.4,0.4,0.7,0.8,0,9.2,13.7,50.1,0
760,22.7,18.2,0.4,0.7,0.8,0,9.2,13.7,50.1,0
761,23.5,18.6,0.4,0.7,0.8,0,9.2,13.7,50.2,0
762,24.8,20.5,0.4,0.7,0.8,0,9.2,13.7,50.2,0
763,24.8,21.1,0.3,0.8,0.8,0,9.2,13.7,50.1,0
764,24.3,21.2,0.3,0.8,0.8,0,9.2,13.7,50.1,0
765,23.7,20.9,0.3,0.8,0.8,0,9.2,13.7,50.1,0
766,24.1,20.8,0.3,0.8,0.8,0,9.2,13.7,50.2,0
767,24.5,20.8,0.3,0.9,0.8,0,8.8,13.7,50.1,0
768,25.4,21.3,0.3,0.9,1.2,0.4,8.8,13.9,50.3,0.2
769,25.7,21.7,0.3,0.8,1.2,0,8.8,13.8,50.2,0.2
770,24.8,21.7,0.3,0.8,1.2,0,8.8,13.8,50.2,0.2
771,24.7,22.3,0.2,0.8,1.2,0,8.8,13.8,50.2,0.2
772,24.8,22.8,0.2,0.8,0.8,0,8.8,13.8,50.2,0.2
773,24.9,22.1,0.2,0.9,0.8,0,8.8,13.8,50.1,0.2
774,25.4,22.1,0.2,1.1,0.8,0,8.8,13.8,50.1,0.2
775,26.3,23.8,0.2,1.2,0.8,0,8.8,13.8,50.1,0
776,26.9,24.4,0.2,1.3,0.8,0,8.8,13.8,50.1,0
777,27.9,26.1,0.2,1.9,0.8,0,8.8,13.8,50,0
778,29.5,27.3,0.2,2.4,0.8,0,8.8,13.8,50.1,0
779,30,28.2,0.2,3.2,0.8,0,9.2,13.8,50.1,0
780,30.7,29.1,0.2,3.2,0.8,0,9.2,13.8,50.1,0
781,30.9,30.3,0.2,2.8,0.8,0,9.6,13.8,50,0
782,31.3,32.1,0.2,2.8,0.8,0,9.6,13.8,50.1,0
783,32.3,33.8,0.2,3.2,0.8,0,10,13.8,50.1,0
784,33,33.5,0.2,3.6,0.8,0,10,13.8,50,0
785,32.7,33.5,0.2,3.6,0.8,0,10,13.8,50,0
786,32,35,0.2,3.4,0.8,0,10,13.7,50,0
787,31.7,35.2,0.2,3.5,0.8,0,10,13.7,50,0
788,31.4,34.3,0.2,3.7,0.8,0,10,13.8,50,0
789,31.5,35.1,0.2,3.9,0.8,0,10,13.8,50,0
790,31.5,36,0.2,3.9,0.8,0,10,13.8,50,0
791,32,36,0.3,3.9,0.8,0,10,13.8,49.9,0
792,31.8,37.2,0.3,3.9,0.8,0,10,13.8,50.1,0
793,32.4,36.8,0.4,3.9,0.8,0,10,13.8,50.1,0
794,31.3,36.4,0.4,3.6,0.8,0,10,13.9,50,0
795,29.6,34.8,0.4,3.2,0.8,0,10,13.9,50,0
796,28.8,34.9,0.5,2.8,1.2,0,9.6,13.9,50,0
797,29.5,35.6,0.5,2.5,1.2,0,9.6,13.9,50,0
798,31.7,36.5,0.5,2.4,1.2,0,9.6,13.9,50,0
799,31.8,38.9,0.6,2.4,1.2,0,9.6,13.9,50.1,0
800,33.3,41.1,0.8,2.5,1.2,0,9.6,13.9,50,0
801,33.2,41.9,0.8,2.9,1.2,0,9.6,13.8,50,0
802,34.1,43.4,0.8,3.4,1.2,0,9.6,13.9,50,0
803,35.1,45.1,0.8,4.3,1.2,0,9.6,13.9,50,0
804,36,46,0.8,5.4,1.2,0,9.6,13.9,50.1,0
805,36,45.7,0.8,6.4,1.2,0,9.6,13.8,50.1,0
806,35.9,45.4,0.8,7.5,1.2,0,9.6,13.9,50.2,0
807,35.1,47,0.8,8.7,1.2,0,9.6,13.9,50.2,0
808,35.7,47.8,0.8,10.1,1.2,0.4,9.6,13.9,50.2,0
809,37,49,0.8,11.7,1.2,0.4,9.6,13.9,50.2,0
810,36.8,48.2,0.8,13.3,1.2,0.4,9.6,14,50.2,0
811,36,46.6,0.8,15.3,1.2,0.4,9.6,14,50.2,0
812,35.2,46.8,0.9,17,1.2,0.4,10,14,50.2,0
813,34.8,48,0.9,18.7,1.2,0.4,10,14,50.2,0
814,36,48.8,1,20.8,1.2,0.4,10,14.1,50.2,0
815,35.7,49.5,1,22.6,1.2,0.4,9.6,14.1,50.2,0
816,34.6,48.4,1.1,23.5,1.2,0.4,9.6,14.1,50.3,0
817,33.8,48,1.2,23.5,1.2,0.4,9.6,14.1,50.2,0
818,33.9,48.4,1.2,22.7,1.2,0.4,9.6,14.1,50.2,0
819,33.9,47.9,1.2,21.7,1.2,0.4,9.6,14,50.2,0
820,33.8,48.2,1.2,20.3,1.2,0.4,9.6,14,50.2,0
821,34,49,1.2,18.5,1.2,0.4,9.6,14,50.3,0
822,34,49.3,1.2,17.4,1.2,0.4,9.6,14,50.3,0
823,34.1,50.4,1.2,16.9,1.2,0.4,9.6,14,50.2,0
824,34.7,54,1.2,15.9,1.2,0.4,9.6,14,50.2,0
825,36.2,56,1.2,15,1.2,0.4,9.6,13.9,50.2,0
826,38.3,56.8,1.2,14.7,1.2,0.4,9.6,13.9,50.3,0
827,39.8,57.3,1.3,14.7,1.2,0.4,9.6,13.9,50.2,0
828,39,58.1,1.3,15.1,1.2,0.4,10,13.9,50.2,0
829,39.3,59.4,1.3,16.2,1.2,0.4,10,14,50.2,0
830,40.4,61.5,1.7,17.1,1.2,0.4,10,14,50.2,0
831,40.5,60.6,1.6,17.7,1.2,0.4,10,14,50.2,0
832,40.3,59.2,1.9,17.7,1.6,0.4,10.4,14.3,50.2,0.3
833,39.6,60,1.6,17,1.2,0.4,10.4,14.3,50.2,0.2
834,39.5,61.2,1.7,15.4,1.2,0.4,10.4,14.3,50.1,0.2
835,41.5,63.5,2,13.4,1.2,0.4,10.4,14.3,50.1,0.2
836,41.6,63.6,1.7,11.7,1.2,0.4,10.4,14.3,50.1,0.2
837,40.8,62,2,10.4,1.2,0.4,10.4,14.3,50.1,0.2
838,41.2,61.3,1.6,8.9,1.2,0.4,10.4,14.3,50.1,0.2
839,40.4,60.8,1.8,7.6,1.2,0.4,10.4,14.2,50.1,0.2
840,39.5,61.3,1.6,6.4,1.2,0.4,10.4,14.2,50.2,0.2
841,41.1,63,1.9,5.7,1.2,0.4,10.4,14.2,50.1,0.2
842,42.7,65,2,5.3,1.2,0.4,10.4,14.2,50.1,0.2
843,43.9,65.8,2,5.6,1.2,0.4,10.4,14.1,50,0.2
844,44.8,66.6,2,6,1.2,0.4,10.4,14.2,50.1,0.2
845,44,66,2,6.5,1.2,0.4,10.4,14.2,50.1,0.2
846,44.2,65.2,2,6.9,1.2,0.4,10.4,14.3,50.1,0.2
847,44.3,65.2,1.6,7.3,1.2,0.4,10.4,14.2,50.1,0.2
848,43,65,2,8.1,1.2,0.4,10,14.4,50,0.2
849,42.2,63.3,1.6,8.3,1.2,0.4,9.6,14.4,50,0.2
850,42.5,62.8,1.6,8.6,1.2,0.4,10,14.5,49.9,0.2
851,43.3,64,1.6,8.3,1.2,0.4,10,14.6,50,0.2
852,43.7,65.1,1.6,7.8,1.2,0.4,10,14.6,50,0.1
853,43.9,67,1.6,7.2,1.2,0.4,10,14.6,50,0.1
854,45.3,70,1.6,6.8,1.2,0.4,10,14.7,50,0.1
855,45.9,70.2,1.6,6.6,1.2,0.4,10,14.7,50,0.1
856,46.4,69.3,1.6,6.4,1.2,0.4,10,14.7,50,0.1
857,48.3,71,1.6,5.6,1.2,0.4,10,14.7,50,0.1
858,48,72.8,1.6,4.7,1.2,0.4,10.4,14.7,50.1,0.1
859,47.5,71.5,1.6,4.3,1.2,0.4,10.4,14.6,50,0.1
860,48,69.9,1.5,4.3,1.2,0.4,10.4,14.6,50.1,0.1
861,48.2,70.2,1.4,4.4,1.2,0.4,10.4,14.5,50.1,0.1
862,47,71.7,1.4,4.3,1.2,0.4,10.4,14.5,50.1,0.1
863,46.6,71.7,1.2,4,1.2,0.4,10.4,14.6,50.1,0.1
864,46.7,73.3,1.2,4.4,1.2,0.4,10.4,14.6,50.1,0.1
865,47.6,77.3,1.2,4.8,1.2,0.4,10.4,14.6,50.1,0.1
866,48.6,77.7,1.2,5.2,1.2,0.4,10.4,14.8,50.1,0.1
867,49.6,77.4,1,5.1,1.2,0.4,10.4,14.9,50.1,0.1
868,50.8,76.9,1,4.5,1.2,0.4,10.4,14.9,50.1,0.1
869,49.9,76.8,1,4.1,1.2,0.8,10.4,15.1,50.1,0.1
870,48.9,76,1,3.7,1.2,0.8,10.4,15.4,50.1,0.1
871,49.6,75.6,1,3.3,1.2,0.4,10.4,15.4,50.1,0.1
872,51,77.1,1,3,1.6,0.4,10.4,15.6,50.1,0.1
873,49.5,74.4,1,3.1,2,0.4,10.4,15.7,50.1,0.1
874,47.7,73.1,1,3.1,2,0.4,10.4,15.8,50.1,0.1
875,48,74.8,0.9,3.2,2,0.8,10.4,15.9,50.1,0.1
876,48.1,76.5,0.8,3,1.6,0.8,10.4,16,50.1,0.1
877,50.2,77.3,0.8,3,2,0.8,10.4,16,50.1,0.1
878,51.4,75.2,0.8,2.6,2,0.8,10.4,16.1,50.2,0.1
879,51.5,76.4,0.6,2.3,2,0.8,10.4,16,50.2,0.1
880,51.1,77.5,0.6,1.9,2.4,0.8,10.4,16.1,50.3,0.1
881,50,80.2,0.8,1.5,3.2,0.8,10.8,16,50.3,0.1
882,49.7,80.4,0.8,1.3,3.6,0.4,11.2,15.9,50.2,0.1
883,52.1,80.6,0.8,1.2,4,0.8,11.2,15.8,50.3,0.1
884,52.8,79.3,0.8,1.2,4,0.8,11.2,15.8,50.3,0.1
885,51.2,77.3,0.8,1.2,3.6,0.8,11.2,15.7,50.2,0.1
886,50.9,79.4,0.8,1.2,3.6,0.8,11.2,15.6,50.2,0.1
887,50.5,74.8,0.8,1.4,3.6,0.4,11.2,15.5,50.2,0.1
888,52.5,72.5,0.8,1.8,3.6,0.8,11.2,15.5,50.2,0.1
889,53.6,77.1,1.2,2,3.2,1.2,11.2,15.3,50.2,0.1
890,54.2,77.5,1.2,2.1,2.8,1.2,11.2,15.2,50.2,0.1
891,53,75.1,1.2,2.1,2.8,1.2,11.6,15.1,50.3,0.1
892,52.8,72.8,1.2,2.3,3.2,1.2,12,15.1,50.3,0.1
893,52.6,73.8,1.2,2.3,4,1.2,11.6,14.9,50.3,0.1
894,52.8,74.6,1.6,2.3,4.8,1.2,11.2,14.9,50.3,0.1
895,53.2,75.9,2,2.4,6,1.2,11.2,14.9,50.3,0.1
896,52.9,77.2,1.9,2.8,8,1.2,11.6,15,50.5,0.4
897,52.9,76,2,2.8,9.6,1.2,11.2,14.8,50.4,0.4
898,53.9,74.8,2,2.7,11.2,1.2,11.2,14.8,50.4,0.4
899,54.8,73.2,1.6,2.7,11.2,1.6,11.2,14.8,50.3,0.4
900,54.8,71.6,2,2.4,12.8,2,11.2,14.9,50.3,0.4
901,54.4,71.6,2.3,2.4,14,2.4,11.2,14.9,50.3,0.4
902,54.2,71.9,2.4,2.4,14.8,3.6,11.6,15.1,50.3,0.4
903,53.5,71.9,3.1,2.4,15.6,6,11.6,15.2,50.4,0.4
904,53.5,74.6,3.9,2.7,15.6,9.6,11.6,15.2,50.4,0.3
905,54,74.6,4,2.7,15.6,12,11.6,15.3,50.4,0.2
906,56.5,72.6,4,2.5,15.2,13.2,11.6,15.4,50.4,0.2
907,57.2,73,4,2,15.6,14.8,12,15.4,50.3,0.2
908,56.4,73.6,4,1.6,15.6,14.8,12.8,15.4,50.3,0.2
909,56.1,74.5,4.4,1.3,14.8,15.2,13.2,15.2,50.4,0.2
910,56.8,75.3,4.5,1.2,15.6,15.2,13.2,15.3,50.4,0.2
911,57.6,75.3,4.4,1.2,17.2,16.4,13.2,15.3,50.4,0.2
912,58.1,73.3,3.9,1.2,17.2,18,13.2,15.2,50.4,0.2
913,59.1,70.5,4.2,1.2,16.4,18.8,13.6,15.1,50.4,0.2
914,60.1,66.4,4.7,1.2,15.2,20.4,13.6,15.1,50.4,0.2
915,58.9,62.4,5.9,1.2,16.8,21.2,13.6,14.9,50.4,0.2
916,56.7,63.9,6,1.2,19.2,21.2,14.4,14.9,50.4,0.2
917,54.5,64.9,7.1,1.2,18.8,21.2,14.8,15,50.4,0.2
918,52.5,67,7.7,1.2,21.2,22.4,14.8,15.1,50.4,0.2
919,51.1,69,7.4,1.2,22.4,22,14.8,15.2,50.5,0.2
920,51.5,69.4,7.4,1.2,24.4,20.8,15.2,15.3,50.6,0.2
921,52.1,70.4,8.8,1.2,24.8,20,15.2,15.3,50.7,0.2
922,54.1,68.6,9.6,1.1,25.2,20.4,15.2,15.4,50.7,0.2
923,54.7,66.5,10.4,1,28.4,20.8,15.2,15.3,50.8,0.2
924,55.9,66.3,11.6,0.9,30.8,21.2,15.6,15.5,51,0.2
925,55,67.7,11.9,0.9,28.4,22,15.6,15.6,51.1,0.2
926,54.5,68.1,12.1,0.9,26.8,22,14.8,15.7,51.2,0.2
927,54,67.5,12.5,1.2,24.4,21.2,14.4,15.7,51.2,0.1
928,54.7,66.3,12.9,1.2,20,19.2,14.4,15.7,51.3,0.1
929,56,66.5,14,1.2,18.4,20,14.4,15.7,51.3,0.1
930,55.9,67.5,14.8,1.2,14.4,21.6,14,15.8,51.4,0.1
931,56.3,69.1,14.8,1.2,12.4,22,14,16,51.5,0.1
932,57,69.7,15.1,1.2,9.6,22,13.6,16.3,51.6,0.1
933,56.2,68.9,13.3,1.2,7.6,23.2,13.6,16.5,51.6,0.1
934,57.5,69.2,13.7,1.1,6.4,25.6,13.2,16.8,51.5,0.1
935,58.3,68.8,16.4,1.2,5.6,24.8,13.2,17.1,51.4,0.1
936,59.5,68.4,19.6,1.2,4.8,22,13.6,17.6,51.5,0.1
937,60.7,69.3,21.2,1.2,4,18.8,14.4,18.1,51.3,0.1
938,60.4,67.4,19.7,1.2,3.6,16.8,15.2,18.8,51.3,0.1
939,60.3,64.6,17.6,1.2,3.6,14,16,19.4,51.3,0.1
940,61.9,63,17.9,1.2,4,9.6,17.2,20.1,51.2,0.1
941,62.5,62.2,18.6,1.2,3.2,6.8,18.8,20.8,51.2,0.1
942,61,60.7,20.1,1.2,2.8,4.8,20.4,21.3,51.2,0.1
943,59.9,59,21.2,1.2,2.8,3.2,22,21.8,51.2,0.1
944,58.5,58.1,22,1.2,3.2,2.4,24.4,22.2,51.3,0.1
945,58.5,59.3,23.3,1.4,2.8,1.6,28.4,22.4,51.3,0.1
946,57.5,58.8,25.2,1.7,2.8,1.2,30.8,22.6,51.4,0.1
947,56.8,59.6,28.6,1.6,2.8,1.2,32.8,22.9,51.4,0.1
948,58,57.4,28.7,1.5,3.2,1.2,34.8,23,51.5,0.1
949,59.6,55.3,29.5,1.5,4.4,1.2,36,23,51.6,0.2
950,59.7,54.3,31.1,1.3,3.6,1.2,38.8,23.1,51.8,0.2
951,59.5,53.6,30,1.2,4.4,1.2,41.6,23.2,52,0.2
952,58.3,52.9,29.2,1.2,4.4,1.2,43.6,23.7,52.1,0.2
953,59.1,53.4,30.5,1.2,4.4,1.2,44.4,24.4,52.2,0.2
954,58.8,54,30.9,1.2,4.8,1.2,44.8,25.2,52.3,0.2
955,57.7,55.1,30.1,1.2,4.4,1.2,45.6,25.5,52.3,0.2
956,58.1,56.4,31.7,1.2,3.6,1.2,47.6,26,52.4,0.2
957,58.1,55.5,33.2,1.2,4.4,1.6,49.2,26.8,52.5,0.2
958,58.8,53.5,34,1.2,3.6,1.6,50.4,28.3,52.7,0.2
959,60.8,52.5,33.5,1.2,3.6,1.6,50,30.2,52.9,0.2
960,63.1,51.9,35.3,1.6,4,1.2,49.2,32.9,53.5,0.4
961,61.9,52,38.7,1.6,3.6,1.2,47.6,33.6,53.6,0.4
962,61.4,51.8,39.8,1.6,4,1.2,46,34.6,53.9,0.4
963,60.4,50.5,38.6,1.6,3.6,1.2,45.6,35.4,54,0.4
964,60.6,51,38.7,1.7,3.2,1.2,45.6,36.2,54.2,0.4
965,60.9,52.4,39.4,1.8,4,1.2,44,37,54.4,0.4
966,60.7,53,41.3,1.6,3.6,1.2,42.4,38.2,54.6,0.3
967,59.8,54,39.8,2,3.6,1.6,40.8,39.3,54.8,0.3
968,60.7,54.9,39.2,2.5,3.2,1.6,40.4,40,55,0.3
969,61.7,52.9,39.8,3.6,3.2,2,40.8,40.1,55.2,0.3
970,61.7,51.4,39.2,4,4,2,42.4,40.2,55.3,0.3
971,63.5,50.1,38.8,4,3.2,1.6,42.8,39.9,55.4,0.3
972,64.3,49.3,40.5,4.8,3.2,1.6,42,39.5,55.4,0.3
973,64.7,47.3,42.3,6,3.2,2,42.4,39.1,55.2,0.3
974,64,47.3,42.3,6.5,3.2,2.4,43.2,38.8,55,0.3
975,63.6,48,43,6.3,3.2,2,44,38.5,54.9,0.3
976,63.3,46.8,46.5,5.6,3.2,1.6,44.8,38.6,54.8,0.3
977,60.5,46.1,50.1,5.3,3.2,2,45.6,38.5,54.6,0.3
978,60.7,46.1,52.2,5.6,3.6,1.6,47.2,38.5,54.5,0.4
979,61.1,46.5,56.8,5.7,4,1.6,49.2,38.4,54.3,0.4
980,62.9,46.4,62.7,5.3,4,1.2,51.2,38.2,54,0.4
981,60.9,46,64.9,5,4,1.2,52,38,53.8,0.3
982,60.5,46,64.9,5.3,4,1.2,52.4,38.1,53.7,0.3
983,62.5,45.4,66.4,7,4,1.2,52.4,37.9,53.6,0.3
984,62.9,43.8,67.5,9.7,4.8,1.2,53.2,37.8,53.4,0.3
985,63.8,42.3,65.1,11.3,4.8,1.2,54,37.1,53.3,0.3
986,63.1,40.9,62.2,11.7,5.6,1.2,55.6,36.7,53.2,0.3
987,64.9,40.1,62.6,12,6,1.2,56,36.3,53.3,0.3
988,65.7,40.5,63.8,13.1,6.4,1.2,54.4,35.7,53.6,0.3
989,63,40,66.4,14.7,6.4,1.2,52.4,35.5,53.9,0.3
990,62.3,39.6,69.4,16.1,6.4,0.8,50.8,35.1,54.4,0.4
991,60.5,37.9,70.6,16.1,7.6,1.2,50,34.7,54.8,0.4
992,61.4,37.3,71.5,15.2,7.6,1.6,49.6,34.1,55.6,0.4
993,62,36.1,72.8,13.5,8.8,1.6,48.4,33.7,56.6,0.4
994,61.9,35.6,73.2,11.8,10.4,1.2,48,33.9,57.6,0.4
995,61.7,35.6,70.1,10.7,11.2,1.2,47.6,34.5,58.8,0.4
996,62.1,36.3,68.7,9.4,13.6,1.2,47.6,35.4,60.2,0.4
997,62.5,36,69.7,8,14,1.2,49.2,36.7,61.5,0.4
998,62.9,35.4,75,6.9,15.2,1.2,52.4,38.5,63,0.4
999,62.1,34.9,74.7,5.9,15.2,1.6,54.8,40.7,64.4,0.4
1000,62.5,33.3,73.3,5.2,15.6,2,56.8,43.2,65.8,0.4
1001,63.4,32,72.8,5.2,18.4,1.6,57.6,46,66.8,0.4
1002,66.2,31.9,73.5,5.7,22.8,1.2,59.2,49.4,67.7,0.4
1003,67.6,30.7,73.3,6.7,30.4,2,60.8,52.6,68.5,0.4
1004,68,29.1,73.7,8.1,36.4,3.6,62.4,55.6,69,0.4
1005,66.1,28.1,77.2,9.9,42.4,5.6,64.4,58.5,69.4,0.4
1006,64.5,27.6,80,12.3,49.6,6.4,68,61.3,69.5,0.4
1007,64.3,26.8,82.9,15.5,58,6.8,72.4,63.2,69.6,0.4
1008,63.9,26.7,83.4,19.4,64.8,6.8,76.4,64.4,69.5,0.4
1009,63.1,26.9,84,23.7,65.6,7.6,79.6,65.5,69.4,0.4
1010,63.2,26.5,83.6,28.5,62,10.8,82,66.1,69,0.4
1011,62.9,25.4,86.7,33.7,57.2,16.8,82.8,66.3,68.2,0.4
1012,61.7,25.5,87.8,40.7,53.2,23.6,83.2,65.5,67.3,0.4
1013,61.2,24.8,86.5,49,47.6,28.4,82.4,64.1,66.2,0.4
1014,63.6,23.3,84.1,56.8,43.2,30,80.8,61.8,64.9,0.4
1015,64.2,22.3,79.2,63.9,41.6,32.4,78.8,59.3,63.5,0.4
1016,63.6,21.9,78.4,70.1,43.6,35.6,76.4,56.7,62,0.4
1017,66.7,20.6,81.2,74.1,48,38.4,74.8,53.1,60.8,0.4
1018,67.5,20.3,80.4,75.9,52,41.2,74.8,49.8,59.9,0.4
1019,66.7,20.5,80,75.8,55.6,45.2,74.4,46.6,59.2,0.4
1020,64.9,19.8,77.9,75.4,57.2,48,73.6,43.9,58.5,0.4
1021,64.4,19.3,76.8,75.4,60.8,48.4,72.4,41.6,58,0.4
1022,64.1,19.1,77.5,74.3,65.2,48.8,70.8,39.2,57.5,0.4
1023,62.8,17.9,77.9,71.7,66.8,53.2,68.8,37,57,0.4
1024,63.4,17.3,78.3,68.8,68,59.6,67.2,34.5,56.5,0.4
1025,62.5,16.7,78.7,68.5,70.8,64,65.2,34,56.4,0.4
1026,63.3,16.4,78.4,67.5,74.4,69.2,63.6,33.6,56.5,0.4
1027,63.6,16,80.6,67.1,75.2,74.4,64,33.5,56.6,0.4
1028,63.5,15.9,84.4,69,73.2,76.4,66.4,33.7,56.6,0.4
1029,63,15.6,85.3,71.8,73.6,78.8,69.6,34.5,56.7,0.4
1030,63.7,15.6,82.7,73.8,77.2,80.4,72.4,35.4,56.8,0.4
1031,63.1,16.3,79.6,75.4,78,81.6,75.2,36.4,56.8,0.4
1032,60.9,16,76.4,76.9,73.6,82,79.2,37.6,57.1,0.4
1033,59.1,16,76.1,76.3,66.4,82,83.2,38.8,57.2,0.4
1034,59.8,15.6,77.2,73.7,56.4,80.4,84.8,40.1,57,0.4
1035,59.8,14.8,77,70.1,48,76.4,85.2,41.4,56.7,0.4
1036,60.2,14.6,79.2,66.3,42,70.8,84.8,42.9,56.4,0.4
1037,61.4,14.4,79.6,62.2,39.2,65.6,84,44.4,56,0.4
1038,61.3,14.4,77.5,57.9,33.6,64,83.2,45.6,55.7,0.4
1039,61.9,14.1,74.1,53.4,25.6,66.8,83.2,46.4,55.5,0.4
1040,63.2,13.6,74.3,48.9,17.6,74,83.2,46.8,55.4,0.4
1041,62.3,13.2,71.6,45.4,12.8,77.6,83.2,47,55.8,0.4
1042,61.1,12.9,65.7,42,10,75.2,82,46.8,56.1,0.4
1043,59.8,12.9,62.8,38.4,8.4,72.4,80.8,46.5,56.8,0.4
1044,61,12.1,62.8,35.2,6.8,71.6,81.2,46,57.7,0.4
1045,60.9,11.8,64.1,31.9,5.2,69.2,82,45.5,58.9,0.4
1046,60.7,11.7,67.9,29.1,4.4,60,82.4,45.1,60.1,0.4
1047,59.7,11.2,67.5,26.5,3.6,45.6,81.2,44.3,61.3,0.4
1048,58.1,11.3,68.9,24.9,3.6,31.2,80.8,43.7,63,0.4
1049,56.3,10.9,72.4,23.4,3.6,20.4,80.4,43,64.8,0.4
1050,57.3,10.6,72.4,22.1,4,12.4,80,42.2,66.3,0.4
1051,57.9,10.4,72.8,20.9,4.4,7.6,79.2,41.1,67.5,0.4
1052,59.3,10.3,68.2,20.5,4.8,5.6,77.2,39.9,68.5,0.4
1053,58.4,10.1,63.8,20.8,5.2,5.2,75.6,38.8,69.3,0.4
1054,58.5,9.8,64.3,21.9,5.2,4.4,75.2,37.9,70,0.4
1055,58.8,9.3,62,22.7,5.6,3.2,74,37,70.3,0.4
1056,61.2,9.1,60.4,22.4,4.8,2.8,71.6,36.2,70.2,0.4
1057,61.6,8.6,60,20.5,4.8,2.8,68,35.1,69.9,0.4
1058,60.7,8.5,61.2,17.7,4.8,2,66,33.8,69.4,0.4
1059,60.9,8,62.6,15.6,4.4,2.4,64,32.5,68.8,0.4
1060,61.9,8,65.9,13.9,4.8,2.8,62.8,31.3,68.1,0.4
1061,62.7,7.6,67.6,12.5,4.4,2.8,61.6,30.6,67.1,0.4
1062,65.4,7.3,67.2,11.5,4.8,2.4,61.2,30.3,66.3,0.4
1063,64.6,6.8,62.7,10.4,4.8,2,61.2,30.2,65.4,0.5
1064,63.6,6.5,60.2,9.6,4.4,1.6,60,30,64.8,0.5
1065,61.4,6.2,60.2,9.2,4.8,1.6,57.2,29.4,64.2,0.5
1066,60.1,5.9,57.6,9.2,4.4,1.2,54,28.6,64,0.5
1067,58.6,5.4,54.5,9.2,4,0.8,51.2,27.8,63.9,0.4
1068,60.8,5.3,51.7,8.7,4.4,0.8,48.4,27.4,64.2,0.4
1069,63.6,5.1,51,8,4,1.2,44.8,27.4,64.7,0.4
1070,64.9,4.8,51.8,7.4,4.8,1.2,42.8,27.5,65.5,0.4
1071,65.5,4.8,51.8,7.7,4.8,1.2,42.4,27.4,66.8,0.5
1072,66.7,4.8,49.1,7.6,4,1.2,42,27,68.6,0.5
1073,63.3,4.8,46.9,6.8,4,1.2,40.8,26.6,70.4,0.5
1074,60.2,4.8,45.6,6.8,3.6,1.2,40.4,26.2,72.1,0.4
1075,59.2,4.8,46.3,7.2,4,1.2,40,26,73.4,0.4
1076,58.1,4.6,47,6.8,3.6,1.2,37.6,25.8,74.1,0.4
1077,58.3,4.5,48.6,6,3.2,1.6,34.4,25.6,74,0.4
1078,59,4.3,46.4,5.2,4.4,1.6,31.2,25.4,73.6,0.4
1079,61.9,4,43.8,4.6,4,1.2,30.4,25.2,73.1,0.4
1080,65,4,43,3.9,4,1.2,30.8,25.1,72.6,0.4
1081,66.2,4,39.7,3.2,3.6,1.2,30.8,24.8,72,0.4
1082,65.4,4,37,2.5,3.2,0.8,29.6,24.4,71.3,0.5
1083,65.1,4,35.1,2.4,5.6,1.2,28.4,24,70.2,0.6
1084,62.1,4,34.4,2.4,6,1.2,27.6,23.9,68.7,0.5
1085,58.3,3.8,33.8,2.4,5.6,1.2,27.6,23.9,67.1,0.5
1086,56.4,3.6,32.4,2.4,4.4,1.2,28,23.8,65.6,0.5
1087,53.4,3.6,31.5,2.5,4.8,1.6,28.4,23.6,64.1,0.5
1088,49.6,3.7,32,2.6,5.6,2.8,28.8,23.4,62.5,0.6
1089,48.8,3.4,30.2,1.9,5.6,2,27.6,23.3,62,0.4
1090,48.9,3.4,26.2,1.6,4.8,2.4,27.6,23.1,61.6,0.4
1091,49.2,3.3,25.4,1.6,4,3.2,28,22.8,61.3,0.4
1092,50.4,3.3,23,1.6,4.8,3.6,26.8,22.6,61.3,0.4
1093,49.2,3.3,21.9,1.6,5.6,2.8,24.8,22.5,61.3,0.4
1094,48.5,3.3,22.3,1.6,5.2,2,25.2,22.4,61.4,0.4
1095,48.8,3.3,21.7,1.7,4.4,3.6,26,22.2,61.5,0.4
1096,50.4,3.3,20.6,1.6,4.4,4.8,25.2,22,61.3,0.4
1097,51.9,3.3,19,2,5.2,4.4,24,21.8,60.9,0.4
1098,53.9,3.3,18.8,2,4.8,3.6,24.8,21.7,60.5,0.4
1099,53.4,3.3,18.8,2,4,3.6,26,21.6,60.2,0.4
1100,54.6,3.3,17.7,2,4,4,25.6,21.5,60,0.4
1101,54.8,3.3,16.4,2.1,3.6,3.6,24.4,19.8,59.6,0.4
1102,54,3.3,17.1,1.9,4,2.8,24.4,21,59,0.4
1103,51.6,3.3,16.8,1.6,4,2.8,24,19.2,58.1,0.5
1104,52.4,3.3,17.1,1.6,3.6,3.2,22.8,20.5,57.1,0.5
1105,51.6,3.3,15.6,1.5,3.6,3.6,21.6,18.4,56.2,0.8
1106,50,3.3,16.8,1.2,4,3.2,21.2,20,55.6,0.8
1107,48.1,3.3,17.5,1.2,4.4,2.8,21.2,18.3,55,0.8
1108,49,3.3,16.3,1.1,5.6,2.4,21.2,19.9,54.4,0.7
1109,48.8,3.3,15.6,1.1,6.8,2,20.4,18.3,53.8,0.8
1110,48.4,3.3,14.3,1.1,9.2,2.4,19.6,17.6,53.3,0.8
1111,46.6,3.3,15.1,1.1,12.8,2.8,20,16.7,52.9,0.7
1112,47.7,3.3,14.6,1.1,17.6,3.2,20,16.3,52.9,0.7
1113,51.2,3.3,12.4,1.2,20.8,4,20,16.1,52.9,0.7
1114,52.9,3.3,11.2,1.2,22.4,5.2,20,15.9,53,0.8
1115,53.3,3.5,10.8,1.2,26.4,7.2,19.6,15.7,52.9,0.7
1116,54,3.8,10,1.2,27.6,9.2,19.6,15.6,53.1,0.7
1117,56.8,3.7,8.8,1.2,24.8,11.6,19.2,15.5,53.3,0.6
1118,61.1,3.7,8.4,1.2,22,14,19.6,15.7,53.5,0.6
1119,63.4,3.7,8,1.2,19.2,17.2,20.4,15.8,53.4,0.6
1120,62.4,3.7,8.4,1.2,18.8,19.2,20.4,15.9,53.3,0.7
1121,60.3,3.7,8,1.2,17.2,20.4,18.8,15.8,53.2,0.7
1122,59.7,3.8,7.8,1.3,16,19.2,18,15.8,53.3,0.8
1123,57.1,4,6.6,1.3,18,20.8,17.6,15.8,53.3,0.6
1124,52.8,4,6.2,1.3,20.8,24,17.2,15.8,53.2,0.6
1125,49.8,4,5.4,1.3,21.6,26,16.4,15.8,52.8,0.6
1126,48.9,4,5,1.3,21.6,26.8,16,15.7,52.5,0.6
1127,49.7,4,5,1.3,22,27.6,16.4,15.7,52.4,0.7
1128,52.9,4.4,5.4,1.3,23.2,28,16.4,15.7,52.4,0.6
1129,54,4.4,4.8,1.3,24.8,27.2,16.4,15.6,52.4,0.7
1130,53.9,4.6,4.4,1.3,23.2,26.4,16,15.6,52.4,0.6
1131,53.5,4.8,3.6,1.3,22.4,27.2,16.4,15.5,52.5,0.6
1132,53.5,4.8,3.2,1.3,25.2,30.8,17.2,15.4,52.5,0.6
1133,51.1,4.5,3.1,1.3,29.2,36,17.2,15.2,52.4,0.7
1134,50.3,4.2,2.7,1.3,29.6,34.4,16.8,15.1,52.4,0.7
1135,52.4,4.2,2.8,1.3,30.8,34.8,16.4,15,52.6,0.7
1136,50.5,4.1,2.4,1.3,32.8,38.4,16.4,14.9,52.7,0.7
1137,46.5,4,2.7,1.3,34.4,40.4,16,14.8,52.7,0.7
1138,48.1,4.4,2.4,1.3,35.6,40,15.6,14.9,52.8,0.8
1139,50.2,4.5,2.2,1.3,34.8,39.6,14.8,14.9,52.8,0.7
1140,52.6,4.7,1.8,1.3,32.8,40,14.4,14.9,52.8,0.7
1141,54.7,4.8,1.6,1.3,29.2,40.4,14.8,14.9,52.8,0.7
1142,55.9,5,1.6,1.3,25.6,37.2,15.2,14.9,52.8,0.7
1143,55.5,5.4,1.2,1.3,21.6,32.8,14.8,14.9,52.7,0.7
1144,54.4,5.5,1.2,1.2,18,28.8,14.4,14.9,52.6,0.8
1145,53.1,5.3,1.2,1.1,14.4,29.2,14.4,14.9,52.4,0.7
1146,50.3,5.3,1.2,1,10.4,32,14.4,14.9,52.4,0.7
1147,46.2,5.3,0.8,0.9,8,33.6,14.4,14.9,52.3,0.7
1148,43,5.4,0.8,0.9,6.4,34.4,14.4,14.9,52.3,0.8
1149,42.3,5.3,0.8,0.9,6,32.4,14,14.9,52.2,0.8
1150,44.3,5.3,0.8,0.9,5.6,32.4,12.8,14.9,52.2,0.8
1151,46.5,5.3,0.8,1,6,32,12.4,14.9,52.2,0.8
1152,49.2,5.6,0.8,1.3,6.4,29.2,12.4,15,52.3,0.8
1153,50.5,5.4,0.6,1.2,5.6,22.4,12.4,14.9,52.2,0.8
1154,51,5.4,0.6,1.1,4.8,15.2,12,14.9,52.4,0.8
1155,50.7,5.3,0.6,1.1,4.4,9.2,12,14.9,52.3,0.8
1156,48.8,5.3,0.5,0.9,4.4,5.2,12,14.8,52.4,0.8
1157,48.1,5.3,0.7,1,4,3.6,11.6,14.9,52.4,0.8
1158,46.9,5.3,0.8,1.1,4.4,2.8,12,14.9,52.4,0.8
1159,45.6,5.5,0.8,1.1,4,2.8,12,14.8,52.3,0.8
1160,42.6,5.6,0.8,1.1,4.8,2.4,12.4,14.9,52.4,0.8
1161,41.4,5.8,0.8,1.1,4.8,2.4,12.4,14.9,52.4,0.8
1162,42.1,5.8,0.8,0.9,4,2,12.4,14.9,52.4,0.8
1163,40.8,5.7,0.8,0.9,3.2,1.6,12.4,14.9,52.4,0.7
1164,38.7,6,1.2,0.9,2.8,1.6,12,15,52.4,0.7
1165,38.3,6,1.2,0.9,2.4,1.6,12,15,52.4,0.8
1166,39.6,6,1.2,1,2.4,1.6,11.6,14.9,52.4,0.9
1167,39.4,5.6,1.3,1.2,2.4,2,11.2,14.9,52.4,0.9
1168,40.3,5.6,1.3,1.2,2.4,1.6,11.2,14.9,52.4,0.9
1169,40.1,5.5,1.3,1.2,2.4,1.6,11.2,14.8,52.4,0.9
1170,40.4,5.5,1.3,1.6,2.4,1.2,11.2,14.9,52.4,0.9
1171,39.7,5.3,1.5,2,2.4,1.2,11.2,14.9,52.4,0.9
1172,39.6,5.3,1.8,2,2.4,1.2,10.8,14.9,52.3,1
1173,40.1,5.3,2,2,2.4,1.2,10.8,14.9,52.3,1
1174,41.1,5.5,2,2.2,2.4,1.2,10.4,15,52.4,1
1175,40.3,5.7,2,2.4,2.4,1.2,10.4,14.9,52.4,1
1176,38.1,6,1.9,2.4,2.4,1.2,10.4,15,52.3,1.2
1177,37.3,6.5,2,2.4,2.4,0.8,10.4,15,52.3,1.2
1178,37.1,6.8,2,2.4,2.4,0.8,10.4,15,52.4,1.2
1179,36.6,7.1,2,2.4,2.8,0.8,10.4,15,52.4,1.2
1180,35.3,7.3,2.4,2.4,2.8,0.8,10.4,15,52.5,1.2
1181,34.1,7.3,2.4,2.4,2.4,0.8,10.4,15,52.5,1.2
1182,32.7,7,2.8,2.4,2,0.8,10.4,15,52.5,1.2
1183,32.1,6.8,2.7,2.5,2,0.8,10.4,15,52.5,1.2
1184,31.7,6.5,2.7,2.9,2.4,0.8,10.8,15,52.6,1.2
1185,31.7,6.4,2.7,3.3,2.4,0.8,11.2,14.9,52.5,1.2
1186,34,6.4,2.6,3.9,2,0.8,11.2,14.9,52.6,1.2
1187,36.1,6.3,2.5,4.3,1.6,0.8,10.8,14.8,52.6,1.2
1188,39.7,6.3,2.8,4.4,1.6,0.4,10.8,14.8,52.7,1.2
1189,43.7,6.3,2.8,4.7,1.6,0.4,10.8,14.8,52.7,1.2
1190,46.8,6.4,3,5.2,1.6,0.4,10.4,14.7,52.7,1.2
1191,46.6,6.5,3.4,6.3,1.6,0.8,10.4,14.7,52.7,1.2
1192,47.1,6.5,3.2,6.4,1.6,0.8,10.4,14.7,52.8,1.2
1193,46.7,6.4,3.2,5.6,1.2,0.4,10.4,14.7,52.8,1.2
1194,45.8,6.1,3.2,4.9,1.2,0.4,10.4,14.8,52.8,1.6
1195,43.9,6,3.5,4.3,1.2,0.8,10.4,14.7,52.9,2
1196,39.1,6.2,3.7,3.5,1.2,0.8,10.4,14.7,52.9,2
1197,36.6,6.4,3.7,3.1,1.2,0.8,10.4,14.8,52.9,2.2
1198,34.5,6.5,3.7,2.8,1.2,0.8,10,14.8,53,2.1
1199,33.1,6.5,4,2.5,1.2,0.8,10,14.8,53,1.7
1200,35.8,6.5,3.8,2.4,1.2,0.4,10,14.8,53.1,1.6
1201,38.1,6.5,3.6,2.5,1.2,0.4,10.4,14.8,53.1,1.4
1202,39.8,6.5,3.3,2.7,1.2,0.4,10.8,14.8,53.2,1.6
1203,40.4,6.5,3.2,3.1,1.2,0.4,10.8,14.8,53.2,1.4
1204,37.7,6.5,3.1,3.5,1.2,0.4,10.8,14.8,53.2,1.8
1205,35.1,6.5,3.1,4.2,1.2,0.4,10.4,14.8,53.2,1.6
1206,33.7,6.4,3,5.2,1.2,0.4,10.4,14.8,53.2,2
1207,33.4,6.2,3,6.4,1.2,0.4,10.4,14.7,53.2,1.7
1208,33.1,6.1,3,7.6,1.2,0.4,10.4,14.7,53.2,1.6
1209,33.4,6.1,3,9,1.2,0.4,10.4,14.7,53.2,1.6
1210,36.2,6.2,3.1,10.8,1.2,0.4,10.4,14.7,53.2,1.6
1211,37,6.1,3.1,13.2,1.2,0.4,10.4,14.7,53.2,1.9
1212,36.9,6.1,3.4,15.8,1.2,0.4,10.4,14.7,53.2,1.6
1213,34.9,5.9,3.2,18.9,1.2,0.4,10.4,14.7,53.2,1.9
1214,33.7,6,3.4,21.8,1.2,0.4,10.4,14.7,53.2,2
1215,34.5,6,3.6,24.9,1.2,0.4,10.4,14.7,53.2,2.1
1216,37,6.5,3.8,30.1,1.6,0.4,10.8,14.9,53.3,2
1217,37.5,6.3,3.4,31.8,1.6,0.4,10.4,14.8,53.2,1.8
1218,35.9,6,3.2,33,1.6,0.4,10.4,14.7,53.2,1.6
1219,34.1,5.8,2.8,33.3,1.6,0.4,10,14.7,53.1,1.7
1220,33.6,5.8,2.8,32.9,1.6,0.4,10,14.7,53.1,2.1
1221,32.4,5.4,2.8,31.7,1.6,0.4,10,14.7,53,2.1
1222,32.9,5.3,2.8,30.2,1.6,0.4,9.6,14.7,53,1.8
1223,34,5.3,2.8,28.2,1.6,0.4,9.6,14.7,53,1.7
1224,33.6,5.5,2.7,25.4,1.6,0.4,9.6,14.7,53,1.6
1225,30.7,5.4,2.5,23.1,1.2,0.4,9.6,14.7,52.9,1.6
1226,30.7,5.4,2.4,21.3,1.2,0.4,9.6,14.7,52.9,1.6
1227,31.7,5.4,2.4,20.5,1.2,0.4,9.6,14.7,52.9,2
1228,30.5,5.4,2.4,20.6,1.2,0.4,10,14.7,52.9,2
1229,29.2,5.4,2.4,21.8,1.2,0.4,10,14.7,52.9,2.1
1230,28.4,5.3,2.4,23.7,1.2,0.4,10,14.6,52.9,2.1
1231,28,5.3,2.4,26.3,1.2,0.4,10,14.6,52.9,2.1
1232,28.5,5.3,2.4,28.8,1.2,0.4,9.6,14.6,52.9,2.4
1233,28.9,4.9,2.4,30.9,1.2,0.8,10,14.7,52.9,2.4
1234,28.9,4.9,2.4,32.3,1.2,0.4,10,14.7,52.9,2.4
1235,27.4,4.9,2.4,32,1.2,0.4,10,14.7,52.9,2.4
1236,28.2,4.8,2.4,31,1.2,0.4,10,14.8,52.9,2.4
1237,28.2,4.8,2.4,29.8,1.2,0.4,10,14.7,52.9,2.5
1238,26.6,4.8,2.1,27.3,1.2,0.4,10.4,14.7,52.9,2.8
1239,25.8,4.8,2.1,24.4,1.2,0.4,10.4,14.7,52.8,3
1240,26.1,4.8,1.7,20.9,1.2,0.4,10.4,14.7,52.8,2.8
1241,25,4.8,1.6,17.8,1.2,0.4,10.4,14.7,52.8,2.8
1242,24.5,4.8,1.6,15.3,1.2,0.4,10.4,14.7,52.8,3.4
1243,24.5,4.8,1.8,13.2,1.2,0.4,10.4,14.7,52.8,3
1244,25.7,4.8,1.6,11.2,1.2,0.4,10.4,14.7,52.8,2.7
1245,26.7,4.8,1.6,10,1.2,0.4,10.4,14.7,52.8,2.8
1246,25.9,4.8,1.6,8.8,1.2,0.4,10.4,14.7,52.8,2.8
1247,24.4,4.8,1.6,8.1,1.2,0.4,10.4,14.7,52.9,3.2
1248,25.2,4.8,1.6,7.8,1.2,0.4,10.4,14.7,52.9,3.8
1249,25.9,4.6,1.6,7.3,1.2,0.4,10.4,14.7,52.8,3.2
1250,25.8,4.5,1.6,7.1,1.2,0.4,10.4,14.7,52.8,3.6
1251,25.9,4.4,1.5,7.1,1.2,0.4,10.4,14.7,52.8,4
1252,25.1,4.4,1.2,7.1,1.2,0.4,10.4,14.7,52.8,4.4
1253,23.9,4.2,1.1,7.4,1.2,0.4,10.4,14.7,52.8,6
1254,23.2,4.4,0.9,7.7,1.2,0.4,10.4,14.7,52.9,6.2
1255,22.9,4.4,0.9,7.8,1.2,0.4,10.4,14.7,52.8,6.2
1256,22.5,4.4,0.8,7.8,1.2,0.4,10.4,14.7,52.8,6.7
1257,22.5,4.2,0.8,7.6,1.2,0.4,10.4,14.8,52.8,6.7
1258,22.5,4.1,0.6,7.2,1.2,0.4,10.4,14.7,52.9,7
1259,22.9,4,0.6,6.1,1.2,0.4,10.4,14.7,52.9,6
1260,23.2,4,0.7,4.8,1.2,0.4,10.4,14.7,52.9,6.2
1261,23.4,4,0.8,4,1.2,0.4,10.4,14.8,52.8,5.9
1262,23.2,4,0.6,3.6,1.2,0.4,10.4,14.8,52.8,6.3
1263,22.5,4,0.6,3.6,1.2,0.4,10.4,14.8,52.8,5.9
1264,21.7,4,0.6,3.6,1.2,0.4,10.4,14.8,52.9,5.4
1265,21.7,3.8,0.6,3.2,1.2,0.4,10.4,14.8,52.8,5.8
1266,22.6,3.7,0.6,2.9,1.2,0.4,10,14.8,52.9,5.4
1267,23.4,3.7,0.5,2.9,1.2,0.4,9.6,14.7,52.9,4.6
1268,24.1,3.8,0.5,2.9,1.2,0.4,10,14.7,52.9,4.6
1269,24.3,3.7,0.8,2.9,1.2,0.4,10,14.8,52.9,4.2
1270,22.7,3.8,0.6,2.7,1.2,0.4,9.6,14.8,52.9,4
1271,22.6,3.6,0.6,2.4,1.2,0.4,9.6,14.8,52.9,4.5
1272,21.3,3.6,0.6,2.4,1.2,0.4,9.6,14.9,52.9,4.9
1273,20.4,3.4,0.7,2.4,1.2,0.4,9.6,14.8,52.9,4.8
1274,20.6,3.3,0.5,2.4,1.2,0.4,9.6,14.8,53,4.8
1275,20.8,3.3,0.5,2,1.2,0.4,9.6,14.8,52.9,5.2
1276,20.8,3.3,0.4,1.6,1.2,0.4,9.6,14.9,52.9,5.8
1277,20.6,3.3,0.4,1.8,1.2,0.4,9.6,14.9,52.9,6.3
1278,20.2,3.3,0.4,1.9,1.2,0.4,9.6,14.9,53,6.9
1279,20.5,3.3,0.4,2,1.2,0.4,9.6,14.8,53,7.4
1280,20.3,3.3,0.4,2.4,1.2,0.4,9.6,15,53.2,7.6
1281,19.5,3.3,0.4,2.4,1.2,0.4,9.6,14.9,53.1,6.1
1282,18.8,3.3,0.4,2,1.2,0.4,9.6,14.9,53.1,5.6
1283,18.4,3.2,0.4,1.6,0.8,0.4,9.6,14.9,53.1,5.6
1284,19.1,3.2,0.4,1.6,0.8,0.4,9.6,14.9,53.1,7.1
1285,19.2,3.1,0.4,1.3,0.8,0.4,9.6,14.8,53,9.3
1286,19.8,3.1,0.4,1.1,0.8,0.4,9.6,14.8,53,9.5
1287,19.8,3.1,0.4,1.2,0.8,0.4,9.6,14.8,53.1,8.4
1288,19.2,3.1,0.4,1.2,0.8,0.4,9.6,14.9,53.1,9.3
1289,19.2,3.1,0.4,0.9,0.8,0.4,9.6,14.8,53,13.3
1290,18.6,3.1,0.4,0.9,0.8,0.4,9.6,14.8,53,17
1291,17.6,3,0.4,1.1,0.8,0.4,9.6,14.8,53.1,19.7
1292,16.4,3,0.4,1,0.8,0.4,9.6,14.8,53.1,20.2
1293,16.4,3,0.4,1,0.8,0.4,9.6,14.8,53.1,17.9
1294,15.6,3,0.4,0.9,0.8,0.4,9.6,14.9,53.1,15
1295,15.2,2.9,0.4,0.8,0.8,0.4,9.6,14.8,53.1,14.5
1296,14.9,2.9,0.4,0.7,0.8,0.4,9.6,14.9,53.1,16.3
1297,14.7,2.9,0.4,0.8,0.8,0.4,9.6,14.9,53.1,18
1298,14.1,2.9,0.4,0.8,0.8,0.4,9.6,14.9,53.1,20.4
1299,13.6,2.9,0.4,0.8,0.8,0.4,9.6,14.9,53.1,22
1300,13.7,2.9,0.4,0.8,0.8,0.4,9.6,14.9,53.1,20.6
1301,14.1,2.9,0.4,0.8,0.8,0.4,9.6,14.9,53.1,19.8
1302,14.5,2.9,0.4,0.8,0.8,0.4,9.6,14.9,53.1,20.9
1303,14.5,2.9,0.4,1.1,0.8,0.4,9.6,14.9,53.1,22.6
1304,14.9,2.9,0.4,1.1,0.8,0.4,9.6,14.9,53.2,24.2
1305,14.9,2.9,0.4,1.1,0.8,0.4,9.6,14.9,53.2,24.1
1306,14.9,2.9,0.4,1,0.8,0.4,9.6,14.9,53.2,22.5
1307,14.9,2.9,0.4,0.9,0.8,0.4,9.6,14.8,53.2,19.7
1308,14.9,2.9,0.5,0.8,0.8,0.4,9.6,14.9,53.2,16.4
1309,14.9,2.9,0.5,0.8,0.8,0.4,9.6,14.8,53.2,14
1310,14.6,2.9,0.5,0.8,0.8,0.4,9.6,14.9,53.2,13.7
1311,13.9,2.9,0.5,0.8,0.8,0.4,9.6,14.9,53.2,15.4
1312,13.8,2.9,0.5,0.8,1.2,0.4,9.6,14.9,53.2,18.7
1313,14.1,2.9,0.5,0.8,1.2,0.4,9.6,14.9,53.2,24.5
1314,14.2,2.9,0.5,0.8,1.2,0.4,9.6,14.9,53.2,32.6
1315,14.1,2.9,0.5,0.8,1.2,0.4,9.6,14.9,53.2,41.4
1316,13.5,2.9,0.6,0.8,1.2,0.4,9.6,14.9,53.2,51.4
1317,12.8,2.9,0.6,0.8,1.2,0.4,9.6,14.9,53.2,63.2
1318,12.3,2.9,0.6,0.8,1.2,0.4,9.6,14.9,53.2,75.1
1319,12.3,2.9,0.7,0.8,1.2,0.4,9.6,14.9,53.2,85.9
1320,12.3,2.9,0.5,0.7,1.2,0.4,9.6,14.9,53.2,90.2
1321,12.3,2.9,0.5,0.7,1.2,0.4,9.6,14.9,53.2,96.1
1322,12.5,2.9,0.6,0.7,1.2,0.4,9.6,14.9,53.2,96.2
1323,12,2.9,0.8,0.8,1.6,0.4,9.6,14.9,53.2,99
1324,11.7,2.9,0.7,0.7,2,0.4,9.6,14.9,53.3,98
1325,12.1,2.9,0.7,0.7,2.4,0.4,9.6,14.9,53.2,100
1326,12.1,2.9,0.7,0.7,2.8,0.4,9.6,14.9,53.3,98.8
1327,12.9,2.9,0.8,0.7,2.8,0.4,9.6,14.9,53.3,100
1328,12.5,2.9,0.8,0.7,2.8,0.8,9.6,14.9,53.3,100
1329,11.7,2.9,0.8,0.7,2.8,0.8,9.6,14.9,53.3,100
1330,11.1,2.9,0.8,0.7,2.4,1.2,9.6,14.9,53.3,100
1331,10.7,2.9,0.8,0.7,2.4,1.6,9.6,14.9,53.4,100
1332,11.2,2.9,0.8,0.7,2.4,2,9.6,14.9,53.3,100
1333,11.5,2.9,0.8,0.8,2.4,2,9.6,14.9,53.3,100
1334,11.2,3,0.8,0.8,2.8,2.4,10,14.9,53.4,100
1335,10.8,3,0.8,0.8,3.2,2.4,9.6,14.9,53.3,100
1336,10.5,3.1,0.8,0.7,3.2,2.8,9.6,14.9,53.3,100
1337,10.9,3.1,0.8,0.7,3.6,3.2,9.6,14.9,53.3,100
1338,11.1,3.1,0.8,0.7,3.6,3.6,9.6,14.9,53.4,100
1339,10.8,3.1,0.8,0.7,3.6,3.6,9.6,14.9,53.5,100
1340,10.8,3.3,0.8,0.7,3.2,3.6,9.6,14.9,53.5,100
1341,10.4,3.3,0.8,0.8,3.2,3.2,9.6,14.9,53.6,100
1342,10.1,3.3,0.7,0.8,3.2,3.2,10,14.9,53.5,100
1343,9.3,3.4,0.8,0.8,3.2,3.6,9.6,14.9,53.6,100
1344,8.8,3.7,0.8,0.8,3.2,4,9.6,15.1,53.7,100
1345,9.1,3.4,0.8,0.6,3.6,4,9.6,15,53.6,100
1346,8.9,3.6,0.7,0.6,4,4,9.6,14.9,53.5,100
1347,8.8,3.5,0.7,0.6,4.4,4.4,10,14.9,53.6,100
1348,9.3,3.7,0.7,0.6,4.8,4,9.6,14.9,53.6,100
1349,8.9,3.6,0.7,0.6,5.6,4,9.6,14.9,53.5,100
1350,8.5,3.7,0.7,0.6,6,3.6,9.6,14.9,53.6,100
1351,8.4,3.7,0.7,0.7,5.6,3.2,9.6,14.9,53.5,100
1352,8.5,3.7,0.6,0.7,5.6,3.2,9.6,14.9,53.5,100
1353,8.4,3.7,0.6,0.7,4.8,3.2,9.6,14.9,53.5,100
1354,8.4,3.7,0.6,0.6,4.4,3.2,10,14.9,53.6,100
1355,8.1,3.7,0.6,0.6,3.6,3.2,10,14.9,53.6,100
1356,8,3.7,0.5,0.6,3.2,3.2,10,14.9,53.6,100
1357,7.7,3.7,0.5,0.6,2.8,3.6,10,14.9,53.6,100
1358,8,3.7,0.5,0.5,2,4,10,14.9,53.6,100
1359,7.7,3.7,0.6,0.5,1.6,4,10,14.9,53.5,100
1360,7.7,3.8,0.6,0.5,1.2,4,10,14.9,53.6,100
1361,7.7,3.8,0.7,0.5,1.2,3.6,10,14.8,53.6,100
1362,7.3,3.8,0.5,0.5,1.2,3.2,10,14.9,53.6,100
1363,7.2,3.8,0.5,0.5,1.2,2.8,9.6,14.8,53.5,100
1364,7.2,3.8,0.5,0.4,1.2,2.4,9.6,14.9,53.6,100
1365,6.9,3.8,0.5,0.4,1.2,2,9.6,14.9,53.6,100
1366,6.7,3.8,0.4,0.4,1.2,1.6,9.6,14.9,53.6,100
1367,6.8,3.8,0.5,0.5,1.2,1.2,9.6,14.9,53.6,100
1368,7.1,3.8,0.4,0.4,1.2,0.8,9.6,14.9,53.6,100
1369,6.9,3.8,0.4,0.4,1.2,0.8,9.6,14.9,53.6,100
1370,6.9,3.9,0.4,0.4,1.2,0.8,10,14.9,53.7,100
1371,6.5,4,0.5,0.5,1.2,0.8,10,14.9,53.6,100
1372,6.5,4,0.4,0.5,1.2,0.8,10,14.9,53.6,100
1373,6.5,4,0.4,0.5,1.2,0.8,10,14.9,53.6,100
1374,6.5,4,0.4,0.5,1.2,0.8,9.6,14.9,53.7,100
1375,6.4,4,0.4,0.5,1.2,0.8,9.6,14.9,53.6,100
1376,6.4,4,0.4,0.5,1.2,0.8,9.6,14.9,53.6,100
1377,6.4,4,0.4,0.5,1.2,0.8,9.6,14.9,53.7,100
1378,6.1,4,0.4,0.5,1.2,0.8,9.6,14.9,53.7,100
1379,5.7,4,0.4,0.5,1.2,0.8,9.6,14.9,53.7,100
1380,5.8,4,0.4,0.5,1.2,0.4,9.6,14.9,53.7,100
1381,5.6,4,0.4,0.5,1.2,0.4,9.6,14.9,53.7,100
1382,5.5,4,0.4,0.5,1.2,0.4,10,14.9,53.7,100
1383,5.5,4,0.4,0.5,1.2,0.4,10,14.9,53.7,100
1384,5.5,4,0.4,0.4,1.2,0.4,9.6,14.9,53.7,100
1385,5.5,4,0.4,0.4,1.2,0.4,9.6,14.9,53.8,100
1386,5.4,4,0.3,0.4,1.2,0.4,9.6,15,53.8,100
1387,5.3,4,0.3,0.5,1.2,0.4,9.6,15,53.8,100
1388,5.2,4,0.3,0.4,1.2,0.4,10,15,53.9,100
1389,4.9,4,0.3,0.4,1.2,0.4,10,15,53.8,99
1390,4.9,4,0.3,0.4,1.2,0.4,9.6,15,53.8,99.8
1391,4.9,4,0.3,0.5,1.2,0.4,10,15,53.8,61.4
1392,4.9,4,0.3,0.5,1.2,0.4,10,15,53.8,81.7
1393,4.9,4,0.3,0.5,1.2,0.4,10,15,53.9,44.8
1394,4.9,4,0.3,0.5,1.2,0.4,10,15,53.9,49
1395,4.8,4,0.3,0.5,1.2,0.4,10,15,53.9,27.8
1396,4.8,4,0.3,0.5,1.2,0.4,10,15,53.8,16.3
1397,4.8,4,0.3,0.5,1.2,0.4,10,15,53.8,11.4
1398,4.8,4,0.3,0.5,1.2,0.4,10,15,53.8,8.4
1399,4.8,4,0.3,0.5,1.2,0.4,10,15,53.9,6.6
1400,4.6,4,0.3,0.5,1.2,0.4,10,15,53.9,6.6
1401,4.4,4,0.3,0.5,1.2,0.4,10,15,53.9,6.5
1402,4.4,4,0.3,0.5,1.2,0.4,10,15,54,5.6
1403,4.3,4,0.3,0.4,1.2,0.4,9.6,15,53.9,5.2
1404,4.3,4.1,0.3,0.4,1.2,0.4,10,15,53.9,4.8
1405,4.3,4.1,0.3,0.4,0.8,0.4,10,15,53.9,4
1406,4.4,4,0.3,0.4,0.8,0.4,10,15,53.9,3.4
1407,4.4,4,0.3,0.5,0.8,0.4,10,15,53.9,3
1408,4.5,4,0.4,0.7,1.2,0.4,10,15.2,54.2,3
1409,4.3,4,0.4,0.7,0.8,0.4,9.6,15.1,54,3.3
1410,4.1,4,0.4,0.7,0.8,0.4,9.6,15.1,54,3.3
1411,4.1,4,0.4,0.6,0.8,0.4,9.6,15.1,54,3.2
1412,4.1,4,0.4,0.6,0.8,0.4,9.6,15.1,54,3
1413,3.9,4,0.4,0.6,0.8,0.4,9.6,15.1,54,2.6
1414,3.9,4.1,0.4,0.6,0.8,0.4,9.6,15.1,54,2.6
1415,3.9,4.1,0.4,0.6,0.8,0.4,9.6,15,54,2.8
1416,4,4,0.4,0.7,0.8,0.4,10,15.1,54,3.2
1417,3.9,4,0.4,0.7,0.8,0.4,10,15,54,3.6
1418,3.9,4,0.4,0.7,0.8,0.4,10,15.1,54,3.6
1419,3.9,4,0.4,0.7,0.8,0.4,9.6,15.1,54.1,3.5
1420,3.9,4,0.4,0.7,0.8,0.4,9.6,15,54,3.4
1421,3.9,4,0.4,0.7,0.8,0.4,9.6,15,54,3.8
1422,3.9,4,0.4,0.7,0.8,0.4,9.6,15,54,4.2
1423,3.9,4,0.4,0.7,0.8,0.4,9.6,15,54,3.6
1424,3.7,4,0.4,0.7,0.8,0.4,9.6,15,54,3.7
1425,3.7,4,0.4,0.7,0.8,0.4,9.6,15,54,3.8
1426,3.7,4,0.4,0.6,0.8,0.4,9.6,15,54,3.9
1427,3.7,4,0.4,0.7,0.8,0.4,9.6,15,54,4.4
1428,3.7,4,0.4,0.6,0.8,0.4,9.6,15,54,4.1
1429,3.7,4,0.4,0.6,0.8,0.4,9.6,15,54,4
1430,3.7,4,0.4,0.6,0.8,0.4,9.6,15,54,4
1431,3.7,4,0.4,0.6,0.8,0.4,9.6,15,54,3.8
1432,3.7,4,0.4,0.5,0.8,0.4,9.6,15,54.1,3.8
1433,3.6,4,0.4,0.5,0.8,0.4,9.6,15,54,3.4
1434,3.6,4,0.4,0.5,0.8,0.4,9.6,15,54,3.1
1435,3.6,4,0.4,0.5,0.8,0.4,9.6,15,54,3.1
1436,3.6,4,0.4,0.5,0.8,0.4,9.6,15,54,2.8
1437,3.6,3.9,0.4,0.5,0.8,0.4,9.6,15,54,2.9
1438,3.6,3.9,0.4,0.4,0.8,0.4,10,15,54.1,2.8
1439,3.5,3.8,0.4,0.4,0.8,0.4,10,15,54.1,2.8
1440,3.4,3.7,0.4,0.4,0.8,0.4,10,15,54.1,2.5
1441,3.3,3.6,0.4,0.4,0.8,0.4,9.6,15,54.1,2.8
1442,3.4,3.7,0.4,0.4,0.8,0.4,9.6,15,54.2,2.5
1443,3.4,3.7,0.4,0.4,0.8,0.4,9.6,15,54.1,2.6
1444,3.4,3.7,0.4,0.4,0.8,0.4,9.6,15,54.1,2.6
1445,3.3,3.7,0.4,0.5,0.8,0.4,9.6,15,54.1,2.7
1446,3.3,3.7,0.4,0.5,0.8,0.4,9.6,15,54.1,2.7
1447,3.3,3.7,0.4,0.5,0.8,0.4,9.6,15,54,2.7
1448,3.3,3.7,0.4,0.5,0.8,0.4,9.6,15,54.1,3
1449,3.3,3.7,0.4,0.5,0.8,0.4,9.6,15,54.1,3
1450,3.3,3.6,0.4,0.5,0.8,0.4,9.6,15,54.1,3
1451,3.3,3.7,0.4,0.5,0.8,0.4,10,15,54.2,3
1452,3.3,3.5,0.4,0.5,0.8,0.4,10,15,54.2,2.8
1453,3.3,3.7,0.4,0.5,0.8,0.4,10,15,54.2,2.4
1454,3.3,3.7,0.4,0.5,0.8,0.4,10,15,54.2,2.4
1455,3.3,3.5,0.4,0.5,0.8,0.4,9.6,15,54.2,2
1456,3.3,3.5,0.4,0.5,0.8,0.4,10,15,54.2,2
1457,3.3,3.3,0.4,0.5,0.8,0.4,10,15,54.2,2.4
1458,3.3,3.3,0.4,0.5,0.8,0.4,10,15,54.2,2.8
1459,3.3,3.3,0.4,0.5,0.8,0.4,9.6,15,54.2,3.2
1460,3.3,3.3,0.4,0.5,0.8,0.4,10,15,54.2,3.2
1461,3.3,3.3,0.4,0.5,0.8,0.4,9.6,15,54.2,3.2
1462,3.3,3.3,0.4,0.5,0.8,0.4,9.6,15,54.2,2.8
1463,3.3,3.3,0.4,0.5,0.8,0.4,9.6,15,54.2,2.4
1464,3.3,3.3,0.4,0.5,0.8,0.4,9.6,15,54.3,2.3
1465,3.3,3.3,0.4,0.5,0.8,0.4,9.6,15,54.3,2.2
1466,3.3,3.3,0.4,0.5,0.8,0.4,9.6,15,54.3,1.8
1467,3.3,3.3,0.4,0.5,0.8,0.4,9.6,15,54.2,2
1468,3.3,3.3,0.4,0.5,0.8,0.4,9.6,15,54.2,1.6
1469,3.3,3.3,0.4,0.5,0.8,0.4,9.6,15,54.2,1.6
1470,3.3,3.3,0.4,0.5,0.8,0.4,9.6,15,54.3,1.6
1471,3.3,3.3,0.4,0.5,0.8,0.4,9.6,15,54.3,1.6
1472,3.6,3.3,0.4,0.4,0.8,0.4,9.6,15.2,54.4,1.6
1473,3.5,3.3,0.4,0.4,0.8,0.4,9.6,15.1,54.4,1.6
1474,3.5,3.3,0.4,0.4,0.8,0.4,9.6,15.1,54.3,1.6
1475,3.5,3.3,0.4,0.4,0.8,0.4,9.6,15.1,54.3,1.5
1476,3.5,3.3,0.4,0.4,0.8,0.4,9.6,15.1,54.3,1.5
1477,3.5,3.3,0.4,0.5,0.8,0.4,9.6,15.1,54.3,1.5
1478,3.5,3.2,0.4,0.4,0.8,0.4,9.6,15.1,54.3,1.5
1479,3.5,3.2,0.4,0.4,0.8,0.4,9.6,15.1,54.3,1.4
1480,3.5,3.2,0.4,0.4,0.8,0.4,9.6,15.1,54.4,1.3
1481,3.5,3.1,0.4,0.4,0.8,0.4,9.6,15.1,54.4,1.3
1482,3.5,3.1,0.4,0.4,0.8,0.4,9.6,15.1,54.4,1.3
1483,3.5,3.1,0.4,0.4,0.8,0.4,9.6,15.1,54.3,1.3
1484,3.5,3.1,0.4,0.4,0.8,0.4,9.6,15.1,54.3,1
1485,3.6,3.1,0.4,0.4,0.8,0.4,9.6,15.1,54.3,1
1486,3.6,3.1,0.4,0.4,0.8,0.4,9.6,15.1,54.4,1
1487,3.6,3.1,0.4,0.4,0.8,0.4,9.6,15.1,54.3,1
1488,3.6,3.1,0.4,0.4,0.8,0.4,9.6,15.1,54.3,1
1489,3.6,3.1,0.4,0.4,0.8,0.4,9.6,15.1,54.3,1
1490,3.6,3.1,0.4,0.4,0.8,0.4,9.6,15.1,54.4,1
1491,3.5,3.1,0.4,0.4,0.8,0.4,9.6,15.1,54.3,1
1492,3.5,3.1,0.4,0.4,0.8,0.4,9.6,15.1,54.3,1
1493,3.5,3,0.4,0.4,0.8,0.4,9.6,15.1,54.4,1
1494,3.5,3,0.4,0.4,0.8,0.4,9.6,15.1,54.4,0.8
1495,3.5,3,0.4,0.4,0.8,0.4,9.6,15.1,54.3,0.8
1496,3.5,3,0.4,0.4,0.8,0.4,9.6,15.1,54.4,0.8
1497,3.6,3,0.4,0.4,0.8,0.4,9.6,15.1,54.4,0.8
1498,3.6,3,0.3,0.4,0.8,0.4,9.6,15.1,54.4,0.8
1499,3.6,2.9,0.3,0.4,0.8,0.4,9.6,15.1,54.5,0.8
1500,3.7,2.9,0.3,0.4,0.8,0.4,9.6,15.1,54.4,0.8
1501,3.7,2.9,0.3,0.4,0.8,0.4,9.6,15.1,54.5,0.8
1502,3.7,2.9,0.3,0.4,0.8,0.4,9.6,15.1,54.5,0.9
1503,3.7,2.9,0.3,0.4,0.8,0.4,9.6,15.1,54.4,0.9
1504,3.7,2.9,0.3,0.4,0.8,0.4,9.6,15.1,54.4,0.9
1505,3.7,2.9,0.3,0.4,0.8,0.4,9.6,15.1,54.4,0.9
1506,3.7,2.9,0.3,0.4,0.8,0.4,9.6,15.1,54.5,0.9
1507,3.9,2.9,0.3,0.4,0.8,0.4,9.6,15.1,54.5,0.9
1508,3.9,2.9,0.3,0.4,0.8,0.4,9.6,15.1,54.5,0.9
1509,3.9,2.9,0.3,0.4,0.8,0.4,9.6,15.1,54.5,0.9
1510,4,2.9,0.3,0.4,0.8,0.4,9.6,15.1,54.6,0.9
1511,4,2.9,0.3,0.4,0.8,0.4,9.6,15.1,54.6,0.9
1512,4,2.9,0.3,0.4,0.8,0.4,9.6,15.1,54.5,0.8
1513,4.1,2.9,0.3,0.4,0.8,0.4,9.6,15.1,54.5,0.8
1514,4.1,2.9,0.3,0.4,0.8,0.4,9.6,15.1,54.5,0.8
1515,4.3,2.9,0.3,0.5,0.8,0.4,9.6,15.1,54.5,0.8
1516,4.4,2.9,0.3,0.4,0.8,0.4,9.6,15.1,54.6,0.9
1517,4.3,2.9,0.3,0.5,0.8,0.4,9.6,15.1,54.5,1.1
1518,4.4,2.9,0.3,0.4,0.8,0.4,9.6,15.1,54.5,1.2
1519,4.3,2.9,0.3,0.4,0.8,0.4,9.6,15.1,54.6,1.2
1520,4.1,2.9,0.3,0.4,0.8,0.4,9.6,15.1,54.5,1.2
1521,4.3,2.9,0.3,0.4,0.8,0.4,9.6,15.1,54.5,1.2
1522,4.3,2.9,0.3,0.4,0.8,0.4,9.6,15.1,54.5,1.2
1523,4.4,2.9,0.3,0.4,0.8,0.4,9.6,15.1,54.5,1.2
1524,4.5,2.9,0.3,0.4,0.8,0.4,9.6,15.1,54.5,1.2
1525,4.5,2.9,0.3,0.4,0.8,0.4,9.6,15.1,54.5,1.2
1526,4.5,2.9,0.3,0.4,0.8,0.4,9.6,15.2,54.5,1.2
1527,4.5,2.9,0.3,0.4,0.8,0.4,9.6,15.2,54.5,1.1
1528,4.5,2.9,0.3,0.4,0.8,0.4,9.6,15.2,54.5,1.2
1529,4.5,2.9,0.3,0.4,0.8,0.4,9.6,15.2,54.5,1.2
1530,4.5,2.9,0.3,0.4,0.8,0.4,9.6,15.2,54.5,1.1
1531,4.5,2.9,0.3,0.4,1.2,0.4,9.6,15.2,54.5,1.1
1532,4.6,2.9,0.3,0.4,1.2,0.4,9.6,15.2,54.5,1.1
1533,4.6,2.9,0.4,0.4,1.2,0.4,9.6,15.2,54.6,1.1
1534,4.6,2.9,0.4,0.4,1.2,0.4,9.6,15.2,54.6,1.1
1535,4.9,2.9,0.4,0.4,1.2,0.4,9.6,15.2,54.7,0.9
1536,5.2,3.3,0.4,0.7,1.6,0.4,9.6,15.3,54.7,0.8
1537,4.9,3.3,0.4,0.6,1.6,0.4,9.6,15.3,54.6,0.7
1538,4.9,3.3,0.4,0.6,1.6,0.4,10,15.2,54.7,0.7
1539,4.9,3.3,0.4,0.6,1.6,0.4,9.6,15.2,54.6,0.8
1540,4.9,3.3,0.4,0.5,1.6,0.4,9.6,15.2,54.7,0.8
1541,4.9,3.3,0.4,0.5,1.6,0.4,9.6,15.2,54.7,0.8
1542,4.9,3.2,0.4,0.5,1.6,0.4,9.6,15.2,54.7,0.8
1543,4.9,3.2,0.4,0.5,2,0.4,9.6,15.2,54.6,0.8
1544,4.9,3.2,0.4,0.5,2,0.4,9.6,15.2,54.6,0.8
1545,4.9,3.2,0.4,0.5,2.4,0.8,9.6,15.2,54.6,0.8
1546,4.9,3.2,0.4,0.5,2.4,0.8,9.6,15.2,54.6,0.8
1547,5.2,3.2,0.4,0.5,2.4,0.8,9.6,15.2,54.6,0.8
1548,5.2,3.2,0.4,0.5,2.4,0.8,9.6,15.2,54.7,0.8
1549,5.1,3.2,0.4,0.5,2.4,0.8,9.6,15.2,54.6,0.8
1550,5.1,3.2,0.4,0.5,2.4,0.8,9.6,15.2,54.6,0.8
1551,5.1,3.2,0.4,0.4,2.4,1.2,10,15.2,54.6,0.8
1552,5.1,3.3,0.4,0.4,2.4,1.2,10,15.2,54.6,0.8
1553,5.1,3.2,0.4,0.4,2.4,1.6,9.6,15.2,54.6,0.8
1554,5.2,3.3,0.4,0.4,2.4,2,9.6,15.2,54.6,0.8
1555,5.3,3.3,0.4,0.4,2.4,2.4,9.6,15.2,54.6,0.8
1556,5.3,3.3,0.4,0.4,2.8,2.4,10,15.2,54.6,0.8
1557,5.3,3.3,0.4,0.4,3.2,2.4,10,15.2,54.6,0.8
1558,5.3,3.3,0.4,0.4,3.6,2.4,9.6,15.2,54.6,0.8
1559,5.3,3.3,0.4,0.5,3.6,2.4,9.6,15.2,54.6,0.8
1560,5.6,3.4,0.4,0.4,3.2,2.4,9.6,15.2,54.6,0.7
1561,5.7,3.4,0.4,0.4,3.2,2.4,9.6,15.2,54.6,0.6
1562,5.7,3.4,0.4,0.4,2.8,2.4,9.6,15.2,54.6,0.7
1563,5.7,3.4,0.4,0.4,2.4,2.4,9.6,15.2,54.5,0.6
1564,5.7,3.5,0.4,0.4,2,2.4,10,15.2,54.6,0.6
1565,5.7,3.5,0.4,0.4,1.6,2.4,9.6,15.2,54.6,0.7
1566,5.7,3.5,0.4,0.4,1.6,2.4,9.6,15.2,54.6,0.7
1567,5.6,3.5,0.4,0.4,1.2,2.4,9.6,15.2,54.6,0.7
1568,5.6,3.5,0.4,0.5,0.8,2,9.6,15.2,54.6,0.7
1569,5.6,3.5,0.4,0.4,0.8,1.6,9.6,15.2,54.7,0.8
1570,5.6,3.5,0.4,0.4,0.8,1.2,10,15.2,54.7,0.8
1571,5.7,3.6,0.4,0.4,0.8,1.2,10,15.2,54.6,0.8
1572,5.7,3.6,0.4,0.4,0.8,0.8,9.6,15.2,54.6,0.8
1573,5.7,3.5,0.4,0.4,0.8,0.8,10,15.2,54.6,0.7
1574,5.7,3.6,0.4,0.5,0.8,0.8,10,15.2,54.6,0.7
1575,5.7,3.6,0.4,0.8,0.8,0.8,10,15.2,54.6,0.8
1576,5.7,3.6,0.4,0.7,0.8,0.4,10,15.2,54.7,0.8
1577,5.7,3.6,0.4,0.7,0.8,0.4,9.6,15.2,54.7,0.8
1578,5.7,3.5,0.4,0.7,0.8,0.4,9.6,15.2,54.7,0.8
1579,5.7,3.5,0.4,0.7,0.8,0.4,9.6,15.2,54.7,0.8
1580,5.7,3.7,0.4,0.7,0.8,0.4,10,15.2,54.7,0.8
1581,5.7,3.7,0.4,0.8,0.8,0.4,9.6,15.2,54.7,0.8
1582,5.7,3.7,0.4,0.7,0.8,0.4,9.6,15.2,54.7,0.8
1583,5.7,3.7,0.4,0.7,0.8,0.4,9.6,15.2,54.7,0.7
1584,5.8,3.7,0.4,0.7,0.8,0.4,9.6,15.2,54.7,0.6
1585,5.8,3.6,0.4,0.7,0.8,0.4,9.6,15.2,54.7,0.6
1586,6.2,3.6,0.4,0.7,0.8,0.4,9.6,15.2,54.7,0.6
1587,6.4,3.6,0.4,0.7,0.8,0.4,10,15.2,54.7,0.6
1588,6.4,3.6,0.4,0.7,0.8,0.4,10,15.3,54.7,0.7
1589,6.4,3.6,0.4,0.7,0.8,0.4,10,15.3,54.7,0.7
1590,6.6,3.6,0.4,0.7,0.8,0.4,10,15.3,54.7,0.7
1591,6.5,3.6,0.4,0.7,0.8,0.4,9.6,15.2,54.7,0.7
1592,6.5,3.7,0.4,0.7,0.8,0.4,9.6,15.3,54.7,0.7
1593,6.5,3.6,0.4,0.7,0.8,0.4,9.6,15.3,54.7,0.7
1594,6.4,3.5,0.4,0.7,0.8,0.4,9.6,15.3,54.7,0.7
1595,6.4,3.6,0.4,0.7,0.8,0.4,9.6,15.2,54.7,0.8
1596,6.3,3.7,0.4,0.6,0.8,0.4,9.6,15.3,54.8,0.8
1597,6.3,3.7,0.4,0.7,0.8,0.4,9.6,15.3,54.7,0.6
1598,6.3,3.7,0.4,0.7,0.8,0.4,9.6,15.3,54.8,0.6
1599,6.4,3.7,0.4,0.7,0.8,0.4,9.6,15.3,54.8,0.6
1600,6.7,4,0.4,0.8,0.8,0.4,9.6,15.4,55,0.7
1601,6.5,3.9,0.4,0.8,0.8,0.4,9.6,15.4,54.8,0.6
1602,6.7,3.8,0.4,0.7,0.8,0.4,9.6,15.3,54.9,0.6
1603,6.5,3.8,0.4,0.8,0.8,0.4,9.6,15.3,54.8,0.6
1604,6.5,3.9,0.4,0.7,0.8,0.4,9.6,15.3,54.8,0.6
1605,6.5,3.9,0.4,0.7,0.8,0.4,9.6,15.3,54.8,0.5
1606,6.5,3.9,0.4,0.8,0.8,0.4,9.6,15.3,54.9,0.5
1607,6.5,3.9,0.4,0.8,0.8,0.4,10,15.3,54.8,0.5
1608,6.5,3.9,0.4,0.8,0.8,0.4,9.6,15.4,54.8,0.5
1609,6.4,3.8,0.4,1,0.8,0.4,9.6,15.3,54.8,0.4
1610,6.4,3.8,0.4,1.1,0.8,0.4,9.6,15.3,54.8,0.4
1611,6.4,3.7,0.4,1.1,0.8,0.4,9.6,15.3,54.8,0.4
1612,6.4,3.8,0.4,1.2,0.8,0.4,9.6,15.3,54.8,0.4
1613,6.2,3.7,0.4,1.7,0.8,0.4,9.6,15.3,54.8,0.4
1614,6.2,3.8,0.4,2.1,0.8,0.4,9.6,15.3,54.8,0.4
1615,6.2,3.7,0.4,2.5,0.8,0.4,9.6,15.3,54.8,0.4
1616,6.3,3.7,0.4,3.2,0.8,0.4,9.6,15.3,54.8,0.4
1617,6.3,3.6,0.4,4,0.8,0.4,9.6,15.3,54.8,0.4
1618,6.3,3.6,0.4,4.4,0.8,0.4,9.6,15.3,54.8,0.4
1619,6.3,3.6,0.4,4.8,0.8,0.4,9.6,15.3,54.9,0.4
1620,6.4,3.6,0.4,4.9,0.8,0.4,9.6,15.3,54.9,0.4
1621,6.5,3.5,0.4,4.9,0.8,0.4,10,15.3,54.8,0.4
1622,6.7,3.5,0.4,4.8,0.8,0.4,10,15.3,54.8,0.5
1623,6.7,3.5,0.4,4.8,0.8,0.4,9.6,15.3,54.8,0.6
1624,6.7,3.5,0.3,4.8,0.8,0.4,9.6,15.3,54.9,0.7
1625,6.9,3.4,0.3,4.8,0.8,0.4,9.6,15.3,54.8,0.6
1626,6.9,3.5,0.3,4.4,0.8,0.4,9.6,15.3,54.8,0.6
1627,6.8,3.6,0.3,4.3,0.8,0.4,9.6,15.3,54.8,0.7
1628,6.9,3.5,0.3,4.4,0.8,0.4,10,15.3,54.9,0.8
1629,6.9,3.4,0.3,4.2,0.8,0.4,10,15.3,54.8,0.8
1630,6.8,3.4,0.2,4.3,0.8,0.4,10,15.3,54.9,0.8
1631,6.6,3.4,0.2,4.5,0.8,0.4,10,15.3,54.9,0.8
1632,6.9,3.3,0.2,4.5,0.8,0.4,10,15.3,54.9,0.8
1633,7.1,3.3,0.2,4.6,0.8,0.4,10,15.3,54.9,0.6
1634,7.1,3.3,0.2,5,0.8,0.4,9.6,15.3,54.9,0.6
1635,6.9,3.3,0.2,5.6,0.8,0.4,10,15.3,54.9,0.5
1636,6.9,3.4,0.2,6,0.8,0.4,10,15.3,55,0.6
1637,6.9,3.4,0.2,6,0.8,0.4,10,15.3,55,0.6
1638,6.9,3.4,0.2,5.6,0.8,0.4,9.6,15.3,55,0.5
1639,6.5,3.4,0.2,5.5,0.8,0.4,10,15.3,55,0.5
1640,6.9,3.3,0.2,5.5,0.8,0.4,10,15.3,55,0.6
1641,6.8,3.3,0.2,5.5,0.8,0.4,9.6,15.3,55,0.4
1642,6.9,3.3,0.2,5.2,0.8,0.4,10,15.3,55,0.4
1643,6.9,3.3,0.2,4.8,0.8,0.4,10,15.3,55,0.4
1644,6.9,3.3,0.2,4.3,0.8,0.4,10,15.3,55,0.5
1645,6.7,3.3,0.2,3.8,0.8,0.4,10,15.3,55,0.5
1646,6.8,3.3,0.2,3.4,0.8,0.4,10,15.3,55.1,0.5
1647,6.9,3.3,0.2,3.1,0.8,0.4,9.6,15.3,55,0.5
1648,6.9,3.3,0.2,2.6,0.8,0.4,9.6,15.3,55.1,0.5
1649,6.8,3.3,0.2,2.2,0.8,0.4,9.6,15.3,55,0.5
1650,6.8,3.3,0.2,1.8,0.8,0.4,9.6,15.3,55,0.6
1651,6.7,3.3,0.2,2,0.8,0.4,9.6,15.3,55,0.6
1652,6.8,3.3,0.2,2,0.8,0.4,9.6,15.4,55,0.6
1653,6.4,3.3,0.2,2.1,0.8,0.4,9.6,15.4,55,0.7
1654,6.4,3.3,0.2,1.9,0.8,0.4,9.6,15.4,55,0.6
1655,6.5,3.3,0.2,1.6,0.8,0.4,9.6,15.4,55.1,0.6
1656,6.6,3.3,0.2,1.2,0.8,0.4,9.6,15.3,55.1,0.6
1657,6.6,3.3,0.2,1.2,0.8,0.4,9.6,15.4,55.1,0.6
1658,6.6,3.3,0.2,1.2,0.8,0.4,9.6,15.4,55.1,0.6
1659,6.5,3.3,0.2,1.2,0.8,0.4,9.6,15.4,55.1,0.6
1660,6.5,3.3,0.2,1.2,0.8,0.4,9.6,15.4,55.1,0.6
1661,6.5,3.3,0.2,1.2,0.8,0.4,9.6,15.4,55.1,0.7
1662,6.4,3.3,0.2,0.9,0.8,0.4,9.6,15.4,55.1,0.7
1663,6.5,3.3,0.2,0.8,1.2,0.4,9.6,15.4,55.1,0.7
1664,6.7,3.3,0.4,0.8,0.8,0.4,9.6,15.6,55.3,0.8
1665,6.7,3.3,0.4,0.8,0.8,0.4,9.6,15.5,55.2,0.6
1666,6.5,3.3,0.4,0.6,0.8,0.4,9.6,15.5,55.2,0.6
1667,6.2,3.3,0.4,0.6,0.8,0.4,9.6,15.4,55.2,0.5
1668,6.2,3.3,0.4,0.6,0.8,0.4,9.6,15.4,55.2,0.5
1669,6.2,3.3,0.4,0.5,0.8,0.4,9.6,15.4,55.1,0.5
1670,6.2,3.3,0.4,0.5,0.8,0.4,9.6,15.5,55.2,0.6
1671,6.3,3.3,0.4,0.5,0.8,0.4,9.6,15.4,55.2,0.5
1672,6.3,3.3,0.4,0.5,0.8,0.4,9.6,15.4,55.2,0.5
1673,6.1,3.3,0.4,0.5,0.8,0.4,9.6,15.4,55.2,0.5
1674,6.1,3.2,0.4,0.5,0.8,0.4,9.6,15.4,55.2,0.5
1675,6.1,3.2,0.4,0.5,0.8,0.4,9.6,15.4,55.2,0.5
1676,6.1,3.2,0.4,0.6,0.8,0.4,10,15.5,55.3,0.5
1677,6,3.1,0.4,0.6,0.8,0.4,10,15.5,55.2,0.6
1678,6,3.1,0.4,0.6,0.8,0.4,10,15.5,55.2,0.6
1679,6,3.1,0.4,0.6,0.8,0.4,10,15.5,55.2,0.6
1680,6,3.1,0.4,0.6,0.8,0.4,10,15.5,55.2,0.6
1681,6,3.1,0.4,0.6,0.8,0.4,10,15.5,55.3,0.6
1682,6,3.1,0.4,0.6,0.8,0.4,10,15.5,55.3,0.6
1683,6,3.1,0.4,0.6,0.8,0.4,10,15.4,55.3,0.6
1684,6,3.1,0.4,0.5,0.8,0.4,10,15.4,55.3,0.6
1685,6,3.1,0.4,0.6,0.8,0.4,9.6,15.4,55.3,0.6
1686,6,3,0.4,0.5,0.8,0.4,10,15.4,55.3,0.6
1687,6,3,0.4,0.5,0.8,0.4,10,15.4,55.3,0.6
1688,6,3,0.4,0.5,0.8,0.4,9.6,15.4,55.3,0.6
1689,6,3,0.4,0.5,0.8,0.4,10,15.4,55.3,0.6
1690,6,2.9,0.4,0.5,0.4,0.4,10,15.5,55.3,0.6
1691,6,2.9,0.4,0.5,0.8,0.4,10,15.4,55.3,0.6
1692,6.3,2.9,0.4,0.4,0.8,0.4,10,15.5,55.3,0.6
1693,6.3,2.9,0.4,0.4,0.8,0.4,9.6,15.5,55.3,0.6
1694,6.3,2.9,0.4,0.4,0.8,0.4,10,15.5,55.3,0.6
1695,6.2,2.9,0.4,0.4,0.8,0.4,10,15.4,55.3,0.6
1696,6.2,2.9,0.4,0.4,0.8,0.4,9.6,15.5,55.3,0.6
1697,6,2.9,0.4,0.4,0.8,0.4,10,15.5,55.3,0.6
1698,6,2.9,0.4,0.4,0.8,0.4,10,15.5,55.3,0.6
1699,6,2.9,0.4,0.4,0.8,0.4,9.6,15.5,55.3,0.5
1700,6,2.9,0.4,0.4,0.8,0.4,9.6,15.5,55.4,0.5
1701,6,2.9,0.4,0.4,0.8,0.4,9.6,15.5,55.3,0.5
1702,5.9,2.9,0.4,0.4,0.8,0.4,9.6,15.5,55.4,0.6
1703,5.8,2.9,0.4,0.4,0.8,0.4,9.6,15.5,55.4,0.5
1704,5.9,2.9,0.4,0.4,0.8,0.4,9.6,15.5,55.4,0.4
1705,5.9,2.9,0.4,0.4,0.8,0.4,9.6,15.5,55.4,0.4
1706,5.9,2.9,0.4,0.4,0.8,0.4,9.6,15.5,55.3,0.4
1707,5.8,2.9,0.4,0.5,0.8,0.4,9.6,15.5,55.4,0.4
1708,5.8,2.9,0.4,0.4,0.8,0.4,9.6,15.5,55.3,0.5
1709,5.7,2.9,0.4,0.4,0.8,0.4,9.6,15.5,55.3,0.4
1710,5.7,2.9,0.4,0.4,0.8,0.4,10,15.5,55.4,0.4
1711,5.7,2.9,0.4,0.4,0.8,0.4,10,15.5,55.4,0.4
1712,5.7,2.9,0.4,0.4,0.8,0.4,9.6,15.5,55.5,0.4
1713,5.7,2.9,0.4,0.5,0.8,0.4,10,15.5,55.5,0.4
1714,5.7,2.9,0.4,0.4,0.8,0.4,10,15.5,55.5,0.4
1715,5.6,2.9,0.4,0.4,0.8,0.4,10,15.5,55.5,0.4
1716,5.6,2.9,0.4,0.4,0.8,0.4,9.6,15.5,55.5,0.4
1717,5.6,2.9,0.4,0.4,0.8,0.4,9.6,15.5,55.5,0.4
1718,5.7,2.9,0.4,0.4,0.8,0.4,10,15.5,55.5,0.5
1719,5.7,2.9,0.4,0.4,0.8,0.4,10,15.5,55.5,0.4
1720,5.7,2.9,0.4,0.4,0.8,0.4,10,15.5,55.5,0.4
1721,5.6,2.9,0.4,0.5,0.8,0.4,9.6,15.5,55.5,0.4
1722,5.6,2.9,0.4,0.4,0.8,0.4,9.6,15.5,55.5,0.5
1723,5.6,2.9,0.4,0.4,0.8,0.4,9.6,15.5,55.5,0.5
1724,5.7,2.9,0.4,0.5,0.8,0.4,9.6,15.5,55.5,0.6
1725,5.7,2.9,0.4,0.5,0.8,0.4,9.6,15.5,55.6,0.6
1726,5.7,2.9,0.4,0.4,0.8,0.4,10,15.5,55.6,0.5
1727,5.7,2.9,0.4,0.4,0.8,0.4,10,15.5,55.5,0.5
1728,6,3.3,0.4,0.5,0.8,0.4,10,15.7,55.7,0.6
1729,5.7,3.2,0.4,0.5,0.8,0.4,10,15.6,55.6,0.4
1730,5.7,3.2,0.4,0.5,0.8,0.4,10,15.6,55.5,0.4
1731,5.7,3.2,0.4,0.5,0.8,0.4,10,15.6,55.6,0.4
1732,5.6,3.2,0.4,0.5,0.8,0.4,10,15.6,55.6,0.4
1733,5.6,3.2,0.4,0.5,0.8,0.4,9.6,15.6,55.6,0.4
1734,5.6,3.2,0.4,0.5,0.8,0.4,9.6,15.6,55.6,0.4
1735,5.6,3.2,0.4,0.5,0.8,0.4,9.6,15.6,55.5,0.4
1736,5.6,3.2,0.4,0.5,0.8,0.4,9.6,15.6,55.5,0.4
1737,5.6,3.1,0.4,0.5,0.8,0.4,9.6,15.6,55.5,0.4
1738,5.6,3.1,0.4,0.5,0.8,0.4,9.6,15.6,55.6,0.4
1739,5.6,3.1,0.4,0.5,0.8,0.4,9.6,15.6,55.5,0.4
1740,5.6,3.1,0.4,0.4,0.8,0.4,9.6,15.6,55.5,0.4
1741,5.3,3.1,0.4,0.4,0.8,0.4,10,15.6,55.5,0.4
1742,5.3,3.1,0.4,0.4,0.8,0.4,10,15.6,55.5,0.4
1743,5.3,3.1,0.4,0.4,0.8,0.4,10,15.6,55.5,0.4
1744,4.9,3.1,0.4,0.4,0.8,0.4,9.6,15.6,55.5,0.4
1745,4.9,3.1,0.4,0.4,0.8,0.8,10,15.6,55.6,0.4
1746,5.1,3.1,0.4,0.4,0.8,0.8,10,15.6,55.6,0.4
1747,5.1,3.1,0.4,0.4,1.2,0.8,9.6,15.5,55.6,0.4
1748,5.1,3.1,0.4,0.4,1.2,0.8,9.6,15.5,55.6,0.4
1749,5,3.1,0.4,0.4,1.2,0.8,9.6,15.5,55.6,0.4
1750,5.2,3.1,0.4,0.4,1.2,0.8,10,15.6,55.6,0.4
1751,5.2,3.1,0.4,0.4,1.2,0.8,10,15.6,55.6,0.4
1752,5.2,3.1,0.4,0.4,1.2,0.8,10,15.6,55.6,0.4
1753,5.1,3.1,0.4,0.4,1.2,0.8,10,15.6,55.6,0.4
1754,4.9,3.1,0.4,0.4,1.2,0.8,10,15.6,55.6,0.4
1755,5,3.1,0.4,0.4,1.2,0.8,10,15.6,55.6,0.4
1756,5.1,3.2,0.4,0.4,1.2,1.2,9.6,15.6,55.6,0.4
1757,5.2,3.2,0.4,0.4,1.2,1.2,9.6,15.6,55.6,0.4
1758,5.2,3.2,0.4,0.4,1.2,1.2,10,15.6,55.6,0.4
1759,5.2,3.2,0.4,0.4,1.2,1.2,10,15.6,55.6,0.4
1760,4.9,3.3,0.4,0.4,1.6,1.2,10,15.6,55.6,0.4
1761,4.9,3.2,0.4,0.4,2,1.2,10,15.6,55.7,0.4
1762,4.9,3.2,0.4,0.4,2,1.2,10,15.6,55.7,0.4
1763,4.9,3.2,0.4,0.4,1.6,1.2,10,15.6,55.7,0.4
1764,4.9,3.2,0.4,0.4,1.6,1.2,9.6,15.6,55.7,0.4
1765,4.9,3.2,0.4,0.4,1.6,1.2,9.6,15.6,55.7,0.4
1766,4.9,3.2,0.4,0.4,1.6,1.2,9.6,15.6,55.7,0.4
1767,4.9,3.2,0.4,0.4,1.2,1.2,9.6,15.6,55.7,0.4
1768,4.9,3.2,0.4,0.4,1.2,1.2,10,15.6,55.8,0.4
1769,4.9,3.2,0.4,0.4,0.8,1.2,10,15.6,55.8,0.4
1770,4.9,3.2,0.4,0.4,0.8,1.2,10,15.6,55.8,0.4
1771,4.6,3.2,0.4,0.4,0.8,1.2,10,15.6,55.8,0.4
1772,4.6,3.2,0.4,0.4,0.8,1.2,10,15.6,55.9,0.4
1773,4.6,3.3,0.4,0.4,0.8,1.2,10,15.6,55.9,0.4
1774,4.6,3.3,0.4,0.4,0.8,1.2,10,15.6,55.9,0.5
1775,4.6,3.3,0.4,0.4,0.8,0.8,10,15.6,55.9,0.4
1776,4.7,3.3,0.4,0.4,0.8,0.8,10,15.6,55.9,0.4
1777,4.7,3.3,0.4,0.4,0.8,0.8,10,15.6,55.9,0.4
1778,4.7,3.3,0.4,0.4,0.8,0.8,10,15.6,55.9,0.4
1779,4.7,3.3,0.4,0.4,0.8,0.8,10,15.6,55.9,0.4
1780,4.7,3.3,0.4,0.4,0.8,0.8,10,15.6,55.9,0.4
1781,4.7,3.4,0.4,0.4,0.8,0.8,10,15.6,55.9,0.4
1782,4.7,3.4,0.4,0.4,0.8,0.8,10,15.6,55.9,0.4
1783,4.7,3.3,0.4,0.4,0.8,0.8,10,15.6,55.9,0.4
1784,4.5,3.3,0.4,0.4,0.8,0.8,10,15.6,55.9,0.5
1785,4.5,3.3,0.4,0.4,0.8,0.4,10,15.6,55.9,0.4
1786,4.3,3.3,0.4,0.4,0.8,0.4,10,15.6,55.9,0.4
1787,4.3,3.3,0.4,0.4,0.8,0.4,10,15.6,55.9,0.4
1788,4.2,3.3,0.4,0.4,0.8,0.4,10,15.6,55.9,0.4
1789,4.2,3.3,0.4,0.4,0.8,0.4,10,15.6,55.9,0.4
1790,4.2,3.4,0.4,0.4,0.8,0.4,10,15.6,55.9,0.4
1791,4.2,3.4,0.4,0.4,0.8,0.4,10,15.6,55.9,0.4
1792,4.6,3.4,0.4,0.7,0.8,0.4,10.4,15.8,56.1,0.6
1793,4.4,3.3,0.4,0.5,0.8,0.4,10.4,15.8,56.1,0.4
1794,4.1,3.4,0.4,0.5,0.8,0.4,10,15.7,56,0.4
1795,4.2,3.4,0.4,0.5,0.8,0.4,10,15.7,56,0.4
1796,4.1,3.4,0.4,0.5,0.8,0.4,10,15.7,56,0.4
1797,4.1,3.3,0.4,0.5,0.8,0.4,10,15.7,56,0.4
1798,4.1,3.3,0.4,0.5,0.8,0.4,10,15.7,56,0.4
1799,4.1,3.3,0.4,0.5,0.8,0.4,10,15.7,56,0.4
1800,4.1,3.3,0.4,0.4,0.8,0.4,10,15.6,56,0.4
1801,4.1,3.3,0.4,0.4,0.8,0.4,10,15.6,56,0.3
1802,4.1,3.3,0.4,0.4,0.8,0.4,10,15.6,56,0.4
1803,4.1,3.3,0.4,0.4,0.8,0.4,9.6,15.6,56,0.4
1804,4.1,3.3,0.4,0.4,0.8,0.4,10,15.6,56,0.4
1805,4.1,3.5,0.4,0.4,0.8,0.4,10,15.6,56,0.4
1806,4,3.5,0.4,0.4,0.8,0.4,10,15.7,55.9,0.4
1807,4,3.5,0.4,0.4,0.8,0.4,10,15.6,55.9,0.4
1808,4,3.3,0.4,0.4,0.8,0.4,10,15.7,55.9,0.4
1809,4,3.3,0.4,0.4,0.8,0.4,10,15.7,56,0.4
1810,4,3.4,0.4,0.4,0.8,0.4,10,15.7,56,0.4
1811,4,3.3,0.3,0.4,0.8,0.4,10,15.7,56,0.4
1812,4,3.4,0.3,0.4,0.8,0.4,10,15.7,56,0.4
1813,4,3.3,0.3,0.4,0.4,0.4,10,15.7,56,0.4
1814,4,3.4,0.3,0.4,0.4,0.4,10,15.7,56,0.4
1815,4,3.4,0.3,0.5,0.4,0.4,10,15.7,56,0.4
1816,4,3.4,0.3,0.4,0.8,0.4,10,15.7,56,0.4
1817,4,3.4,0.3,0.4,0.8,0.4,10,15.7,56,0.4
1818,4,3.3,0.3,0.5,0.8,0.4,10,15.7,56,0.4
1819,4,3.3,0.3,0.5,0.8,0.4,10,15.7,56,0.4
1820,4,3.3,0.3,0.5,0.8,0.4,10,15.7,56,0.4
1821,3.9,3.3,0.3,0.6,0.8,0.4,10,15.7,56,0.4
1822,3.9,3.3,0.3,0.6,0.8,0.4,10,15.7,56,0.4
1823,3.9,3.3,0.3,0.6,0.8,0.4,10,15.7,56,0.4
1824,3.8,3.3,0.3,0.6,0.8,0.4,10,15.7,56.1,0.4
1825,3.7,3.3,0.3,0.6,0.8,0.4,10,15.7,56.1,0.4
1826,3.7,3.3,0.3,0.6,0.8,0.4,10,15.7,56.1,0.4
1827,3.7,3.3,0.3,0.6,0.8,0.4,10,15.7,56,0.4
1828,3.7,3.3,0.3,0.6,0.8,0.4,10,15.7,56.1,0.4
1829,3.7,3.3,0.3,0.6,0.8,0.4,10,15.7,56.1,0.4
1830,3.7,3.3,0.3,0.6,0.8,0.4,10,15.7,56.1,0.4
1831,3.7,3.3,0.3,0.6,0.8,0.4,10,15.7,56.1,0.4
1832,3.7,3.3,0.3,0.5,0.8,0.4,10,15.7,56.1,0.4
1833,3.6,3.3,0.3,0.5,0.8,0.4,10,15.7,56.1,0.4
1834,3.7,3.3,0.3,0.6,0.8,0.4,10,15.7,56.1,0.4
1835,3.7,3.3,0.3,0.6,0.8,0.4,10,15.7,56.2,0.4
1836,3.7,3.3,0.3,0.6,0.8,0.4,10,15.7,56.1,0.4
1837,3.7,3.3,0.3,0.6,0.8,0.4,10,15.7,56.1,0.4
1838,3.7,3.3,0.3,0.6,0.8,0.4,10,15.7,56.1,0.4
1839,3.7,3.3,0.3,0.6,0.8,0.4,10,15.7,56.2,0.4
1840,3.7,3.3,0.3,0.6,0.8,0.4,10,15.7,56.2,0.4
1841,3.6,3.3,0.3,0.6,0.8,0.4,10,15.7,56.1,0.4
1842,3.6,3.3,0.3,0.5,0.8,0.4,10,15.7,56.1,0.4
1843,3.6,3.3,0.3,0.5,0.8,0.4,10,15.7,56.1,0.4
1844,3.6,3.3,0.3,0.5,0.8,0.4,10,15.7,56.2,0.4
1845,3.6,3.3,0.3,0.5,0.8,0.4,10,15.7,56.2,0.4
1846,3.6,3.3,0.3,0.5,0.8,0.4,10,15.7,56.3,0.4
1847,3.5,3.3,0.3,0.5,0.8,0.4,10,15.6,56.2,0.5
1848,3.5,3.3,0.3,0.5,0.8,0.4,10,15.7,56.2,0.4
1849,3.5,3.3,0.3,0.5,0.8,0.4,10,15.7,56.2,0.4
1850,3.5,3.3,0.3,0.5,0.8,0.4,10,15.7,56.3,0.6
1851,3.5,3.3,0.3,0.5,0.8,0.4,10,15.7,56.3,0.6
1852,3.5,3.3,0.3,0.5,0.8,0.4,10,15.7,56.3,0.6
1853,3.4,3.3,0.3,0.5,0.8,0.4,10,15.7,56.3,0.5
1854,3.4,3.3,0.3,0.5,0.8,0.4,10,15.7,56.3,0.5
1855,3.4,3.3,0.3,0.5,0.8,0.4,10,15.7,56.3,0.5
1856,3.7,3.3,0.4,0.7,0.8,0.4,10.4,15.9,56.5,0.6
1857,3.5,3.3,0.4,0.7,0.8,0.4,10.4,15.9,56.3,0.4
1858,3.5,3.3,0.4,0.6,0.8,0.4,10.4,15.8,56.3,0.4
1859,3.4,3.3,0.4,0.6,0.8,0.4,10.4,15.8,56.2,0.4
1860,3.4,3.3,0.4,0.5,0.8,0.4,10.4,15.8,56.3,0.4
1861,3.3,3.3,0.4,0.5,0.8,0.4,10.4,15.8,56.3,0.4
1862,3.3,3.3,0.4,0.5,0.8,0.4,10.4,15.8,56.3,0.4
1863,3.3,3.3,0.4,0.5,0.8,0.4,10.4,15.8,56.3,0.4
1864,3.3,3.3,0.4,0.5,0.8,0.4,10.4,15.8,56.3,0.4
1865,3.3,3.3,0.4,0.5,0.8,0.4,10.4,15.8,56.3,0.4
1866,3.3,3.3,0.4,0.5,0.8,0.4,10,15.8,56.3,0.4
1867,3.3,3.3,0.4,0.5,0.8,0.4,10,15.8,56.2,0.4
1868,3.3,3.3,0.4,0.5,0.8,0.4,10,15.8,56.3,0.4
1869,3.3,3.3,0.4,0.4,0.8,0.4,10,15.8,56.2,0.4
1870,3.3,3.3,0.4,0.4,0.8,0.4,10,15.8,56.2,0.4
1871,3.3,3.2,0.4,0.4,0.8,0.4,10,15.7,56.3,0.4
1872,3.3,3.2,0.4,0.4,0.8,0.4,10,15.7,56.3,0.4
1873,3.3,3.1,0.4,0.4,0.8,0.4,10,15.7,56.2,0.4
1874,3.3,3.1,0.4,0.4,0.8,0.4,10,15.7,56.3,0.4
1875,3.3,3.1,0.4,0.4,0.8,0.4,10,15.7,56.3,0.4
1876,3.3,3.1,0.4,0.4,0.8,0.4,10,15.7,56.3,0.4
1877,3.3,3.1,0.4,0.4,0.8,0.4,10,15.7,56.3,0.4
1878,3.3,3.1,0.4,0.4,0.8,0.4,10,15.7,56.3,0.4
1879,3.3,3,0.4,0.4,0.8,0.4,10,15.7,56.2,0.4
1880,3.3,3,0.4,0.4,0.4,0.4,10,15.7,56.3,0.4
1881,3.3,3,0.4,0.4,0.4,0.4,10,15.7,56.3,0.4
1882,3.3,3,0.4,0.5,0.8,0.4,10,15.7,56.2,0.4
1883,3.3,3,0.4,0.5,0.8,0.4,10,15.7,56.2,0.4
1884,3.3,3,0.4,0.4,0.8,0.4,10,15.7,56.2,0.4
1885,3.3,2.9,0.4,0.4,0.8,0.4,10,15.7,56.2,0.4
1886,3.3,2.9,0.3,0.4,0.8,0.4,10,15.7,56.3,0.4
1887,3.3,2.9,0.3,0.4,0.8,0.4,10,15.7,56.3,0.4
1888,3.3,2.9,0.3,0.4,0.8,0.4,10,15.7,56.3,0.4
1889,3.3,2.9,0.3,0.4,0.8,0.4,10,15.7,56.3,0.4
1890,3.3,2.9,0.2,0.4,0.8,0.4,10,15.7,56.3,0.4
1891,3.3,2.9,0.2,0.5,0.8,0.4,10,15.7,56.2,0.4
1892,3.3,2.9,0.2,0.4,0.8,0.4,10,15.7,56.3,0.4
1893,3.3,2.9,0.2,0.4,0.8,0.4,10,15.7,56.3,0.4
1894,3.3,2.9,0.2,0.5,0.8,0.4,10,15.7,56.3,0.4
1895,3.3,2.9,0.2,0.4,0.8,0.4,10,15.7,56.3,0.4
1896,3.3,2.9,0.2,0.4,0.8,0.4,10,15.7,56.3,0.4
1897,3.3,2.9,0.2,0.4,0.8,0.4,10,15.7,56.3,0.4
1898,3.3,2.9,0.2,0.5,0.8,0.4,10,15.7,56.3,0.4
1899,3.3,2.9,0.2,0.5,0.8,0.4,10,15.7,56.3,0.4
1900,3.3,2.9,0.2,0.5,0.8,0.4,10,15.7,56.3,0.4
1901,3.3,2.9,0.2,0.5,0.8,0.4,10,15.7,56.4,0.4
1902,3.3,2.9,0.2,0.5,0.8,0.4,10,15.7,56.3,0.5
1903,3.3,2.9,0.2,0.5,0.8,0.4,10,15.7,56.4,0.4
1904,3.3,2.9,0.2,0.5,0.8,0.4,10,15.7,56.4,0.4
1905,3.3,2.9,0.2,0.5,0.8,0.4,10,15.7,56.4,0.4
1906,3.3,2.9,0.2,0.5,0.8,0.4,10,15.7,56.4,0.4
1907,3.3,2.9,0.2,0.5,0.8,0.4,10,15.7,56.3,0.4
1908,3.3,2.9,0.2,0.5,0.8,0.4,10,15.7,56.4,0.4
1909,3.3,2.9,0.2,0.4,0.8,0.4,10,15.7,56.4,0.4
1910,3.3,2.9,0.2,0.4,0.8,0.4,10,15.7,56.4,0.4
1911,3.3,2.9,0.2,0.5,0.8,0.4,10,15.8,56.4,0.4
1912,3.3,2.9,0.2,0.5,0.8,0.4,10,15.7,56.4,0.4
1913,3.3,2.9,0.2,0.5,0.8,0.4,10,15.7,56.4,0.4
1914,3.3,2.9,0.2,0.5,0.8,0.4,10,15.7,56.4,0.4
1915,3.3,2.9,0.2,0.5,0.8,0.4,10,15.7,56.3,0.4
1916,3.3,2.9,0.2,0.5,0.8,0.4,10,15.8,56.4,0.4
1917,3.3,2.9,0.2,0.5,0.8,0.4,10,15.8,56.4,0.4
1918,3.3,2.9,0.2,0.5,0.8,0.4,10,15.8,56.4,0.4
1919,3.3,2.9,0.2,0.5,0.8,0.4,10,15.7,56.4,0.4
1920,3.3,3.3,0.5,0.8,0.8,0.4,10.4,15.9,56.6,0.4
1921,3.3,3.2,0.4,0.6,0.8,0.4,10,15.9,56.5,0.4
1922,3.3,3.1,0.4,0.6,0.8,0.4,10,15.9,56.5,0.4
1923,3.3,3,0.4,0.5,0.8,0.4,10,15.9,56.5,0.4
1924,3.3,3,0.4,0.5,0.8,0.4,10,15.9,56.4,0.4
1925,3.3,3,0.4,0.5,0.8,0.4,10,15.8,56.4,0.4
1926,3.3,3,0.4,0.5,0.8,0.4,10,15.8,56.4,0.4
1927,3.3,3,0.4,0.5,0.8,0.4,10,15.9,56.4,0.4
1928,3.3,3,0.4,0.5,0.8,0.4,10,15.8,56.4,0.4
1929,3.3,3,0.4,0.4,0.8,0.4,10,15.8,56.4,0.4
1930,3.3,3,0.4,0.4,0.8,0.4,10,15.8,56.4,0.4
1931,3.3,3,0.4,0.4,0.8,0.4,10,15.8,56.4,0.4
1932,3.3,3,0.4,0.4,0.8,0.4,10,15.8,56.3,0.4
1933,3.3,3,0.4,0.5,0.8,0.4,10,15.8,56.4,0.4
1934,3.3,3,0.4,0.4,0.8,0.4,10,15.8,56.4,0.4
1935,3.3,3,0.4,0.4,0.8,0.4,10,15.8,56.3,0.4
1936,3.3,3,0.4,0.4,0.8,0.4,10,15.8,56.3,0.4
1937,3.3,3,0.4,0.5,0.8,0.4,10,15.8,56.4,0.4
1938,3.3,3,0.4,0.5,0.8,0.4,10,15.8,56.4,0.4
1939,3.3,3,0.4,0.4,0.8,0.4,10,15.8,56.4,0.4
1940,3.3,3,0.4,0.4,0.8,0.4,10,15.8,56.4,0.4
1941,3.3,3,0.4,0.4,0.8,0.4,10,15.8,56.4,0.4
1942,3.3,3,0.4,0.4,0.8,0.4,10,15.8,56.4,0.4
1943,3.3,3,0.4,0.4,0.8,0.4,10,15.8,56.4,0.4
1944,3.3,3,0.3,0.4,0.8,0.4,10,15.8,56.4,0.4
1945,3.3,2.9,0.3,0.4,0.8,0.4,10,15.8,56.4,0.4
1946,3.3,2.9,0.3,0.4,0.8,0.4,10,15.8,56.4,0.4
1947,3.3,2.9,0.3,0.5,0.8,0.4,10,15.8,56.4,0.4
1948,3.3,2.9,0.3,0.5,0.8,0.4,10,15.7,56.5,0.4
1949,3.3,2.9,0.3,0.5,0.8,0.4,10,15.8,56.5,0.4
1950,3.3,2.9,0.3,0.5,0.8,0.4,10,15.8,56.4,0.4
1951,3.3,2.9,0.3,0.5,0.8,0.4,10,15.8,56.4,0.4
1952,3.3,2.9,0.3,0.5,0.8,0.4,10,15.8,56.4,0.4
1953,3.3,2.9,0.3,0.5,0.8,0.4,10,15.7,56.4,0.4
1954,3.3,2.9,0.3,0.5,0.8,0.4,10,15.8,56.4,0.4
1955,3.3,2.9,0.3,0.5,0.8,0.4,10,15.8,56.4,0.4
1956,3.3,2.9,0.3,0.5,0.8,0.4,10,15.8,56.4,0.4
1957,3.3,2.9,0.3,0.4,0.8,0.4,10,15.8,56.4,0.4
1958,3.3,2.9,0.3,0.4,0.8,0.4,10,15.8,56.4,0.4
1959,3.3,2.9,0.3,0.5,0.8,0.4,10,15.8,56.3,0.4
1960,3.3,2.9,0.3,0.5,0.8,0.4,10,15.8,56.4,0.4
1961,3.3,2.9,0.3,0.4,0.8,0.4,10,15.8,56.4,0.4
1962,3.3,2.9,0.3,0.4,0.8,0.4,10,15.8,56.4,0.4
1963,3.3,2.9,0.3,0.4,0.8,0.4,10,15.8,56.5,0.4
1964,3.3,2.9,0.3,0.5,0.8,0.4,10,15.8,56.4,0.4
1965,3.3,2.9,0.3,0.5,0.8,0.4,10,15.8,56.4,0.4
1966,3.3,2.9,0.3,0.5,0.8,0.4,10,15.8,56.5,0.4
1967,3.3,2.9,0.3,0.6,0.8,0.4,10,15.8,56.5,0.4
1968,3.3,3.1,0.3,0.6,0.8,0.4,10,15.8,56.5,0.4
1969,3.3,3.1,0.3,0.6,0.8,0.4,10,15.8,56.4,0.4
1970,3.3,3.1,0.3,0.6,0.8,0.4,10,15.8,56.5,0.4
1971,3.3,3.1,0.3,0.7,0.8,0.4,10,15.8,56.5,0.4
1972,3.3,3.1,0.3,0.6,0.8,0.4,10,15.8,56.5,0.4
1973,3.3,3.1,0.3,0.7,0.8,0.4,10,15.8,56.5,0.4
1974,3.3,3.1,0.3,0.6,0.8,0.4,10,15.8,56.5,0.4
1975,3.3,3.1,0.3,0.6,0.8,0.4,10,15.8,56.5,0.4
1976,3.3,3.1,0.3,0.7,0.8,0.4,10,15.8,56.5,0.4
1977,3.3,3.1,0.3,0.7,0.8,0.4,10,15.8,56.5,0.4
1978,3.3,3.1,0.3,0.6,0.8,0.4,10,15.8,56.5,0.4
1979,3.3,3.1,0.3,0.6,0.8,0.4,10,15.8,56.4,0.4
1980,3.3,3.1,0.3,0.6,0.8,0.4,10,15.8,56.5,0.4
1981,3.3,3.1,0.3,0.7,0.8,0.4,10,15.8,56.5,0.4
1982,3.3,3.1,0.3,0.6,0.8,0.4,10,15.8,56.5,0.4
1983,3.3,3.1,0.3,0.6,0.8,0.4,10,15.8,56.4,0.4
1984,3.7,3.3,0.4,0.8,0.8,0.4,10.4,16,56.7,0.4
1985,3.7,3.3,0.4,0.7,0.8,0.4,10.4,15.9,56.6,0.4
1986,3.6,3.3,0.4,0.7,0.8,0.4,10.4,15.9,56.6,0.4
1987,3.6,3.3,0.4,0.7,0.8,0.4,10.4,15.9,56.6,0.4
1988,3.6,3.3,0.4,0.7,0.8,0.4,10.4,15.9,56.5,0.4
1989,3.6,3.3,0.4,0.6,0.8,0.4,10.4,15.9,56.4,0.4
1990,3.7,3.3,0.4,0.5,0.8,0.4,10.4,15.9,56.5,0.4
1991,3.7,3.3,0.4,0.5,0.8,0.4,10.4,15.8,56.5,0.4
1992,3.7,3.3,0.4,0.5,0.8,0.4,10.4,15.8,56.6,0.4
1993,3.7,3.3,0.4,0.5,0.8,0.4,10.4,15.8,56.5,0.4
1994,3.7,3.3,0.4,0.5,0.8,0.4,10.4,15.8,56.5,0.4
1995,3.7,3.3,0.4,0.5,0.8,0.4,10.4,15.8,56.5,0.4
1996,3.7,3.3,0.4,0.4,0.8,0.4,10.4,15.8,56.5,0.4
1997,3.7,3.3,0.4,0.4,0.8,0.4,10.4,15.8,56.6,0.4
1998,3.7,3.3,0.4,0.4,0.8,0.4,10.4,15.8,56.6,0.4
1999,3.7,3.3,0.4,0.4,0.8,0.4,10.4,15.8,56.6,0.4
2000,3.7,3.3,0.4,0.4,0.8,0.4,10.4,15.8,56.6,0.4
2001,3.7,3.3,0.4,0.4,0.8,0.4,10.4,15.8,56.6,0.4
2002,3.7,3.3,0.4,0.4,0.8,0.4,10.4,15.8,56.6,0.4
2003,3.7,3.2,0.4,0.5,0.8,0.4,10.4,15.8,56.5,0.4
2004,3.7,3.2,0.4,0.4,0.8,0.4,10.4,15.8,56.5,0.4
2005,3.7,3.2,0.4,0.5,0.8,0.4,10.4,15.8,56.5,0.4
2006,3.7,3.2,0.4,0.5,0.8,0.4,10.4,15.8,56.6,0.4
2007,3.7,3.2,0.4,0.7,0.8,0.4,10.4,15.8,56.6,0.4
2008,3.7,3.2,0.4,0.7,0.8,0.4,10.4,15.8,56.6,0.4
2009,3.7,3.2,0.4,0.7,0.8,0.4,10.4,15.8,56.6,0.4
2010,3.7,3.2,0.4,0.7,0.8,0.4,10.4,15.8,56.6,0.4
2011,3.7,3.2,0.4,0.8,0.8,0.4,10.4,15.8,56.6,0.4
2012,3.7,3.3,0.4,0.8,0.8,0.4,10.4,15.8,56.7,0.4
2013,3.7,3.2,0.4,0.9,0.8,0.4,10.4,15.8,56.7,0.4
2014,3.7,3.2,0.4,0.9,0.8,0.4,10.4,15.8,56.6,0.4
2015,3.7,3.2,0.4,1.1,0.8,0.4,10.4,15.8,56.6,0.4
2016,3.7,3.2,0.4,1.2,0.8,0.4,10.4,15.8,56.7,0.4
2017,3.7,3.2,0.4,1.5,0.8,0.4,10.4,15.8,56.6,0.4
2018,3.7,3.2,0.4,1.9,0.8,0.4,10.4,15.8,56.7,0.4
2019,3.7,3.2,0.4,2.2,0.8,0.4,10.4,15.8,56.7,0.4
2020,3.7,3.2,0.4,2.5,0.8,0.4,10.4,15.8,56.7,0.4
2021,3.7,3.2,0.4,2.6,0.8,0.4,10,15.8,56.7,0.4
2022,3.7,3.2,0.4,2.8,0.8,0.4,10,15.8,56.7,0.4
2023,3.7,3.2,0.4,3.1,0.8,0.4,10,15.8,56.7,0.5
2024,3.7,3.2,0.4,3.1,0.8,0.4,10,15.8,56.7,0.4
2025,3.7,3.2,0.4,3.2,0.8,0.4,10,15.8,56.7,0.4
2026,3.7,3.2,0.4,3.2,0.8,0.4,10,15.8,56.7,0.4
2027,3.7,3.2,0.4,3.1,0.8,0.4,10,15.8,56.7,0.4
2028,3.8,3.3,0.4,3.1,0.8,0.4,10,15.8,56.7,0.5
2029,3.8,3.3,0.4,3.1,0.8,0.4,10,15.8,56.7,0.4
2030,3.8,3.3,0.4,2.9,0.8,0.4,10,15.8,56.7,0.4
2031,3.8,3.3,0.4,2.9,0.8,0.4,10,15.8,56.7,0.4
2032,3.8,3.3,0.4,2.9,0.8,0.4,10,15.8,56.7,0.4
2033,3.9,3.3,0.4,2.9,0.8,0.4,10,15.8,56.8,0.4
2034,3.9,3.3,0.4,2.9,0.8,0.4,10,15.8,56.8,0.4
2035,3.9,3.3,0.4,2.9,0.8,0.4,10,15.8,56.8,0.4
2036,3.9,3.3,0.4,3,0.8,0.4,10,15.9,56.8,0.4
2037,3.9,3.3,0.4,3.1,0.8,0.4,10,15.9,56.8,0.4
2038,4,3.3,0.4,2.9,0.8,0.4,10,15.9,56.8,0.4
2039,4,3.3,0.4,2.9,0.8,0.4,10,15.9,56.8,0.4
2040,4,3.3,0.4,2.9,0.8,0.4,10,15.8,56.8,0.4
2041,4,3.3,0.4,2.8,0.8,0.4,10,15.9,56.8,0.4
2042,4,3.3,0.4,2.4,0.8,0.4,10,15.9,56.8,0.4
2043,4,3.3,0.4,2.4,0.8,0.4,10,15.8,56.8,0.4
2044,4,3.3,0.4,2.1,0.8,0.4,10,15.9,56.8,0.4
2045,4,3.3,0.4,2.1,0.8,0.4,10,15.9,56.8,0.4
2046,4,3.3,0.4,2,0.8,0.4,10,15.9,56.9,0.4
2047,3.9,3.3,0.4,2,0.8,0.4,10,15.9,56.9,0.4